Country_Name,RE_Inexpensive_Meal,RE_Meal_2Ppl,RE_Combo_Meal,RE_Domestic_Beer,RE_Imported_Beer,RE_Cappuccino,RE_Coke/Pepsi,RE_Water,MK_Milk,MK_White_Bread,MK_Rice,MK_Eggs,MK_Cheese,MK_Chicken_Breasts,MK_Red_Meat,MK_Apples,MK_Banana,MK_Oranges,MK_Tomato,MK_Potato,MK_Onion,MK_Lettuce,MK_Water,MK_Wine,MK_Domestic_Beer,MK_Imported_Beer,MK_Cigarettes_Pack,TR_Ticket,TR_Monthly_Pass,TR_Taxi_Start,TR_Taxi_1km,TR_Taxi_1h,TR_Gasoline,TR_VW_Golf,TR_TY_Corolla,UT_Basic_85m2,UT_Prepaid_Mobile,UT_Internet,SL_Fitness_Club,SL_Tennis,SL_Cinema,CH_Preschool,CH_International_School,CS_Jeans,CS_Summer_Dress,CS_Running_Shoes,CS_Leather_Shoes,RM_Apartment_1Centre,RM_Apartment_1Outside,RM_Apartment_3Centre,RM_Apartment_3Outside,BA_PriceM2_Centre,BA_PriceM2_Outside,SF_Average_Salary,SF_Mortgage_%Yearly
Afghanistan,2.61,12.00,4.00,7.00,4.00,1.89,0.36,0.24,1.02,0.54,1.38,1.31,4.03,2.90,5.31,1.29,1.47,1.56,0.77,0.48,0.46,0.65,0.42,10.00,0.88,3.50,1.50,0.29,20.00,0.73,0.81,4.24,0.62,"18,000.00","16,397.49",73.90,0.05,186.68,14.14,13.93,2.50,31.59,"2,688.96",24.18,35.54,55.65,51.01,189.42,107.49,390.53,211.96,862.00,427.16,213.99,9.65
Aland Islands,18.07,87.42,7.11,5.94,5.36,3.80,1.95,2.07,1.03,4.66,2.24,3.46,34.97,12.24,27.98,2.12,1.83,1.83,1.92,1.54,1.54,1.60,2.43,13.86,2.73,2.48,6.52,2.33,51.06,6.99,2.27,52.45,1.83,"27,392.79","30,306.92",264.21,0.12,32.99,71.10,22.73,14.57,,,132.11,47.01,116.57,186.50,582.83,477.92,"1,068.51",757.67,"3,691.23","2,642.14","2,797.56",2.00
Albania,5.83,20.25,4.52,1.38,1.70,1.25,1.10,0.52,1.11,0.54,1.13,1.53,4.92,4.32,7.40,0.90,1.51,1.06,0.80,0.55,0.51,0.59,0.47,5.52,0.78,1.20,2.76,0.37,13.99,2.30,1.38,13.81,1.55,"18,822.60","19,251.87",65.47,0.21,21.60,31.02,5.72,4.60,125.83,"3,041.14",49.62,36.22,75.42,79.43,252.13,148.71,458.24,257.34,"1,325.30",653.14,350.92,6.35
Algeria,2.58,12.89,3.44,1.29,1.72,0.59,0.51,0.20,0.37,0.14,0.94,1.15,6.50,3.79,10.26,2.07,2.42,1.39,0.68,0.45,0.40,0.56,0.26,6.55,1.22,1.65,2.15,0.17,10.31,0.43,0.43,4.30,0.27,"22,336.77","22,447.95",37.11,0.08,35.89,17.18,12.59,4.30,76.00,"2,532.02",39.08,40.52,66.51,67.04,184.60,118.09,312.37,200.10,"1,579.73",912.90,280.78,5.70
Andorra,11.48,34.97,9.33,2.04,3.35,1.74,2.33,1.57,0.98,1.52,1.34,1.70,15.10,9.15,16.31,1.95,1.66,1.65,2.31,1.40,1.05,1.17,0.52,5.83,0.91,0.56,4.08,2.10,40.80,6.41,,,1.17,"43,106.56","18,650.41",103.79,0.23,43.71,46.63,,8.16,431.29,"1,398.78",83.54,29.14,79.65,139.88,699.39,524.54,"1,072.40",786.81,,"4,079.78","1,942.75",3.00
Angola,18.13,72.34,15.00,2.00,2.68,3.08,1.34,1.04,3.22,2.96,3.94,5.38,18.55,11.82,21.66,8.00,3.67,5.03,6.11,4.36,4.54,4.25,1.77,17.00,1.90,1.81,2.00,1.25,90.00,3.89,0.95,19.19,1.04,"35,000.00","22,500.00",320.88,0.21,300.00,167.28,20.00,17.00,"1,061.39","20,649.98",145.62,144.00,170.11,230.90,"1,823.27","1,503.36","4,183.49","5,337.81","10,000.00","2,500.00","1,277.39",12.00
Antigua And Barbuda,9.25,37.00,7.40,1.85,2.22,2.41,1.60,1.30,,1.48,1.85,3.70,,,,,3.22,,5.66,2.40,2.40,,,7.03,,,2.59,0.93,,,,,1.28,"25,901.46","29,601.67",101.76,,73.63,41.63,,6.48,333.02,"1,702.10",44.40,55.50,110.64,55.50,822.01,769.64,999.53,"1,785.35",,,832.55,10.50
Argentina,8.14,28.47,6.51,2.44,3.05,2.16,1.43,1.07,1.05,1.07,1.17,1.69,6.36,4.29,6.63,1.80,1.44,1.16,1.40,0.80,0.83,0.89,1.05,4.07,1.26,2.07,2.44,0.37,18.66,1.22,0.69,6.76,1.09,"17,002.93","17,945.53",87.28,0.24,42.86,36.95,15.63,6.92,217.19,"5,135.90",71.30,52.59,92.70,107.98,343.24,262.89,677.21,508.89,"2,086.57","1,451.44",709.03,25.23
Armenia,6.22,23.83,4.14,1.24,1.71,1.81,0.70,0.46,0.87,0.51,1.25,1.59,4.34,4.41,6.01,1.04,1.60,1.36,1.10,0.48,0.58,0.32,0.53,5.18,0.91,1.17,1.24,0.21,12.43,1.24,0.21,2.49,0.89,"13,155.99","19,588.01",83.05,0.04,15.91,50.10,9.93,5.18,153.44,"2,932.41",54.73,39.65,76.56,70.44,288.50,173.92,621.20,301.02,970.64,586.45,291.09,13.09
Aruba,13.50,70.00,7.21,4.00,4.74,3.00,1.82,1.88,1.49,1.89,2.35,2.41,9.05,5.21,14.35,4.05,1.72,3.71,3.07,1.67,1.81,1.73,2.19,15.00,2.26,2.79,6.92,2.51,70.03,19.61,13.30,74.02,1.37,"25,000.00","22,958.94",370.15,0.40,60.04,60.75,16.50,8.00,340.05,"15,000.00",59.63,51.34,111.65,123.41,723.83,543.98,"1,433.33","1,100.00","9,457.19","1,500.00","1,384.63",6.67
Australia,13.60,60.42,7.55,5.29,6.04,3.23,2.39,1.97,1.07,1.89,2.00,3.23,6.80,7.68,11.63,3.07,2.30,2.69,3.82,2.28,1.86,1.94,1.35,11.33,3.35,4.06,19.64,3.02,105.74,3.10,1.51,37.16,1.03,"18,882.13","17,724.52",149.60,0.16,55.72,46.25,14.08,13.60,"1,235.46","15,037.55",71.66,47.58,99.57,101.47,"1,254.83",960.68,"2,045.21","1,431.59","5,208.30","3,712.50","3,132.22",4.49
Austria,11.66,58.28,8.16,4.20,4.43,3.42,3.02,2.27,1.26,2.04,2.13,3.52,12.15,11.69,20.52,2.55,2.09,2.73,2.63,1.77,1.50,1.49,0.75,6.99,1.15,1.65,5.83,2.56,51.29,4.66,2.10,31.47,1.35,"24,478.66","23,533.39",221.11,0.07,29.15,38.10,21.35,11.66,285.83,"19,233.24",95.60,38.55,95.44,124.82,777.36,610.72,"1,485.45","1,139.97","5,005.96","3,602.98","2,231.33",2.10
Azerbaijan,5.87,23.49,4.70,0.88,2.26,1.84,0.33,0.20,0.87,0.28,1.39,1.12,3.41,3.42,6.72,0.92,1.59,1.45,0.96,0.54,0.34,0.36,0.47,4.11,0.91,1.68,2.35,0.12,7.64,1.17,0.35,1.76,0.53,"15,271.66","17,536.30",34.93,0.04,14.17,29.34,14.17,4.11,179.67,"4,438.85",32.68,34.85,79.59,69.95,299.98,149.78,608.52,293.69,"1,305.43",628.90,281.86,9.35
Bahamas,17.50,80.00,7.50,4.00,5.00,4.95,2.03,1.68,2.44,3.07,3.17,2.78,8.75,10.76,10.45,3.15,2.10,4.96,2.82,3.73,2.49,2.80,1.82,20.00,2.60,3.71,7.50,1.62,47.50,4.00,2.18,30.00,1.13,"40,000.00","45,400.00",312.50,0.33,50.44,62.22,36.67,10.00,345.00,"8,833.33",67.14,40.20,105.56,102.22,677.78,625.00,"2,025.32","1,538.89","1,237.85",979.17,"1,841.67",7.81
Bahrain,5.30,39.72,5.83,9.27,9.27,4.56,0.49,0.30,1.59,1.10,2.23,2.53,9.06,5.84,10.72,2.23,1.99,1.97,1.75,1.13,1.13,2.03,0.86,21.19,4.34,6.80,3.71,0.79,37.07,5.30,0.79,5.30,0.45,"21,185.04","18,693.39",85.79,0.13,40.03,77.17,24.78,7.94,335.17,"6,657.10",41.24,52.63,82.19,72.16,885.03,607.23,"1,706.80","1,141.72","2,276.26","1,602.52","1,413.14",6.33
Bangladesh,1.77,9.46,5.32,2.96,4.73,1.70,0.29,0.17,0.78,0.51,0.64,1.11,5.41,2.82,5.83,1.68,0.98,1.65,0.62,0.28,0.49,0.33,0.32,9.46,2.31,3.86,2.60,0.35,11.83,0.59,0.41,2.13,1.07,"29,576.72","28,676.13",30.53,0.01,25.07,21.22,8.99,4.44,41.00,"3,038.34",25.28,26.59,52.46,42.24,125.71,73.15,358.11,196.81,951.56,559.03,303.94,11.06
Barbados,12.50,65.00,7.50,2.75,3.50,3.81,1.37,1.30,3.67,2.32,2.59,4.32,5.93,10.61,11.89,4.05,2.36,4.47,3.82,1.88,2.04,2.15,2.64,15.00,1.48,2.75,6.00,1.00,41.09,5.00,1.25,25.00,1.44,"31,250.00","36,250.00",107.92,0.35,42.65,80.93,13.50,10.00,206.46,"3,233.33",68.33,43.75,99.69,124.17,520.83,403.57,840.00,862.50,"6,323.80","1,614.59","1,188.94",6.30
Belarus,7.00,27.00,5.00,1.52,2.00,1.52,0.67,0.42,0.64,0.52,0.89,1.11,5.35,2.93,6.17,1.23,1.20,1.47,1.87,0.37,0.43,0.84,0.54,6.66,0.88,1.61,1.35,0.30,15.31,2.00,0.35,3.02,0.64,"15,551.66","18,782.91",49.37,0.04,14.16,31.80,15.84,4.00,438.89,"8,950.00",79.72,39.78,86.87,92.40,319.67,214.86,587.95,386.00,"1,422.74","1,029.93",409.19,15.46
Belgium,17.48,69.94,9.33,4.14,3.50,3.13,2.57,2.29,1.08,2.03,1.99,2.77,14.19,10.69,16.71,2.15,2.02,2.28,2.51,1.49,1.38,1.30,0.98,8.16,1.60,2.10,6.99,2.54,57.12,4.66,2.33,34.97,1.56,"25,014.86","26,240.25",156.53,0.22,49.39,30.42,17.11,11.66,671.52,"20,350.32",98.22,39.92,102.79,141.89,827.36,688.11,"1,306.35","1,064.87","3,488.38","2,848.67","2,183.89",2.28
Belize,4.00,30.00,5.00,2.00,3.00,2.76,0.99,0.70,2.46,1.19,1.17,1.86,5.90,5.31,6.90,4.43,1.00,1.02,2.00,1.51,1.43,2.23,1.08,15.04,1.75,2.44,3.50,1.99,25.14,2.51,2.49,5.01,1.30,"31,450.00","35,000.00",97.05,0.20,75.44,29.12,4.98,7.50,283.24,"9,600.00",32.70,37.76,73.39,62.78,228.66,194.98,528.57,479.22,"1,989.12","2,749.14","1,163.08",8.81
Bermuda,31.50,130.00,11.00,8.00,8.00,4.73,3.02,2.42,3.67,6.30,6.75,4.42,13.39,17.98,14.41,11.75,5.61,8.20,8.79,3.36,5.42,4.42,2.16,20.00,4.50,3.42,12.48,4.50,69.00,5.18,1.86,35.00,2.06,"40,000.00","35,000.60",246.30,0.30,143.50,137.73,26.67,12.00,"1,500.00","17,990.12",68.33,107.00,131.38,156.25,"2,345.85","1,791.68","5,875.06","4,472.73","6,229.17","4,036.47","5,293.26",6.71
Bhutan,4.06,14.76,3.69,1.07,1.55,1.82,0.74,0.34,0.96,1.00,0.93,1.62,5.90,4.43,4.35,2.21,1.18,1.33,0.66,0.54,0.64,0.44,0.44,19.86,1.03,1.77,1.48,0.30,5.91,0.89,0.81,1.11,0.86,"17,716.96","17,716.96",44.29,0.01,14.76,88.55,2.21,,,,14.76,44.27,103.30,,107.02,110.73,228.84,169.79,"2,261.55",885.85,435.54,3.00
Bolivia,3.47,17.36,5.06,2.17,2.95,2.13,0.86,0.71,0.90,1.21,1.14,1.40,4.44,2.81,4.70,1.59,0.69,0.72,0.99,0.88,0.79,0.56,0.92,4.34,1.90,2.56,2.17,0.29,23.15,1.45,1.45,5.06,0.55,"18,807.17","21,744.30",38.97,0.16,62.16,40.84,10.61,6.51,119.75,"1,780.27",52.08,44.56,74.56,63.43,315.93,227.38,592.84,475.50,"1,090.56",778.27,449.19,6.64
Bonaire,15.81,68.52,,2.64,5.27,4.22,2.11,1.26,1.24,2.54,2.19,2.51,21.45,7.99,18.99,4.27,1.67,4.20,3.47,2.94,1.82,1.98,1.64,9.00,,,,,,,,,1.62,,,175.29,0.20,90.00,60.00,,9.00,275.00,,,,,,650.00,600.00,"1,365.50","1,050.00",,,"1,200.00",5.50
Bosnia And Herzegovina,4.19,17.95,4.19,1.50,1.80,1.06,1.28,0.68,0.81,0.62,1.26,1.69,5.89,4.16,7.78,0.94,1.25,1.22,1.23,0.56,0.62,0.68,0.63,4.79,0.68,0.98,2.99,1.08,29.92,1.20,0.60,5.98,1.17,"18,553.22","20,256.37",147.18,0.12,21.21,25.79,8.48,4.19,139.62,"4,166.42",58.94,33.40,75.75,86.43,211.25,145.60,373.32,241.01,"1,362.01",959.70,479.18,5.97
Botswana,5.54,30.21,5.04,2.27,2.01,2.37,0.88,0.59,1.25,0.68,1.47,2.29,6.24,5.49,4.08,1.71,1.37,1.75,1.35,1.56,0.98,0.86,0.99,4.53,0.92,1.23,4.13,0.35,15.51,2.01,2.01,3.02,0.83,"14,099.67","12,840.77",52.96,0.13,47.94,36.26,14.10,5.79,205.45,"5,267.23",54.33,31.56,84.77,97.69,377.67,260.17,870.44,654.63,"1,007.12","4,615.96",730.16,8.75
Brazil,5.47,27.35,6.84,1.64,3.28,1.52,1.15,0.70,0.86,1.47,0.99,1.58,6.93,3.16,6.57,1.61,1.09,0.96,1.27,0.90,0.88,0.68,0.81,8.21,1.28,2.86,2.33,1.09,49.95,1.37,0.75,8.21,1.09,"21,336.25","23,658.47",70.53,0.38,32.15,29.51,23.88,6.84,356.19,"7,696.04",52.97,42.01,86.65,65.89,348.35,239.59,687.21,489.12,"1,947.89","1,336.28",482.53,11.58
Brunei,3.35,16.77,5.40,6.34,4.85,2.77,0.73,0.45,1.80,1.32,1.06,1.96,7.07,4.97,12.43,2.30,1.84,2.61,2.04,1.74,1.12,1.69,0.74,4.16,2.24,1.63,5.21,0.75,14.91,2.98,2.98,22.36,0.39,"22,363.04","19,968.15",40.58,0.14,82.32,50.91,14.88,5.59,136.91,"3,652.63",21.87,31.06,104.36,73.30,559.08,484.53,"1,490.87","1,024.97",902.68,707.79,"1,499.98",4.00
Bulgaria,5.97,23.87,4.77,1.19,1.79,1.27,0.94,0.59,1.15,0.56,1.25,1.68,6.13,4.88,7.66,1.07,1.55,1.19,1.39,0.57,0.57,0.58,0.54,4.77,0.71,1.10,3.16,0.95,29.84,0.52,0.48,7.88,1.25,"20,883.26","20,070.30",103.57,0.17,11.42,24.56,10.58,6.57,328.49,"3,848.20",53.29,29.60,77.14,74.06,313.62,231.94,538.12,385.90,"1,231.75",850.14,590.59,4.50
Burkina Faso,3.55,44.43,6.22,1.60,2.18,2.96,0.80,0.89,1.74,2.24,3.36,1.66,,28.43,8.89,3.55,0.89,2.46,1.57,1.57,1.49,0.73,1.87,10.27,1.67,2.01,1.39,0.71,,0.53,0.53,0.53,1.10,"21,324.27","15,993.21",204.36,0.31,208.80,53.31,10.22,2.67,106.62,"14,216.18",12.44,,71.08,17.77,142.16,75.52,473.87,236.94,"15,993.21",,204.36,3.00
Burundi,1.97,5.50,,1.15,1.43,1.00,0.70,0.39,0.63,1.15,1.03,2.61,6.89,,,,0.46,,0.86,0.57,0.63,,0.64,16.93,0.90,1.72,4.60,0.20,7.00,1.87,1.15,6.83,1.47,,,,0.06,,35.24,,,,,19.49,,19.49,45.49,114.90,86.17,402.15,287.25,"10,000.00",,64.98,12.00
Cambodia,3.00,16.00,4.50,0.80,2.00,2.01,0.68,0.38,1.98,1.23,0.82,1.59,13.33,4.11,9.20,3.10,1.09,2.86,1.03,1.17,0.98,0.91,0.75,10.00,0.73,1.49,1.50,2.00,23.75,1.00,1.00,4.00,0.92,"30,000.00","39,000.00",87.84,0.05,28.98,41.25,10.67,5.00,298.97,"4,760.00",20.65,21.18,68.21,40.90,380.00,203.85,928.81,481.00,"1,671.43",969.56,182.49,10.55
Cameroon,3.55,26.66,3.55,1.07,1.78,1.23,0.57,0.34,2.17,0.59,1.13,1.72,13.03,6.54,5.11,2.61,0.85,1.42,1.38,1.47,1.60,0.56,0.68,6.22,1.02,1.64,1.78,0.44,6.40,0.44,0.44,4.44,1.08,"26,655.34","13,031.50",147.61,0.14,53.31,40.28,19.25,3.55,310.98,844.09,57.75,26.66,67.17,50.35,373.17,111.06,958.32,349.48,803.87,177.27,225.09,4.62
Canada,11.56,46.26,7.32,4.63,5.40,3.04,1.56,1.31,1.68,2.14,2.95,2.52,9.00,9.81,10.56,2.97,1.35,2.88,2.82,1.85,1.83,1.72,1.71,11.56,2.18,2.64,10.02,2.51,71.70,2.85,1.40,25.34,0.92,"17,804.32","17,145.02",109.47,0.25,54.36,38.51,14.87,10.02,740.52,"12,171.40",47.97,33.37,77.00,95.35,937.49,745.95,"1,518.39","1,207.30","3,998.65","2,713.87","2,430.70",3.12
Cayman Islands,25.00,122.49,11.40,6.00,7.20,5.13,3.14,2.09,2.31,4.81,4.91,6.77,9.46,19.22,25.44,11.04,8.64,9.92,9.93,3.77,3.15,3.59,3.19,19.89,5.72,5.78,10.84,2.40,64.78,9.60,,43.18,1.39,"30,829.21","34,787.82",306.67,0.45,111.36,72.31,41.99,14.10,"1,129.60","15,221.34",79.97,59.98,124.52,136.22,"1,870.25","1,483.12","3,500.59","3,130.90","8,391.02","9,996.50","6,597.69",4.69
Chad,6.59,60.00,3.43,2.91,1.30,2.25,1.16,1.14,1.89,8.00,2.33,3.93,8.89,25.00,8.89,5.55,2.00,6.78,1.89,1.44,2.11,,1.17,,1.33,0.89,,1.78,17.77,0.53,0.44,8.89,1.07,,,17.77,,44.15,200.00,,1.78,,,13.33,,71.08,89.45,"1,200.00",88.85,"2,400.00",266.55,"8,000.00","4,500.00",171.72,
Chile,8.00,40.01,6.40,2.40,3.52,2.68,1.27,0.98,1.23,1.25,1.46,2.78,8.88,5.39,10.19,1.39,1.23,1.27,1.52,1.07,1.30,1.16,1.40,5.60,1.51,2.20,5.60,1.11,48.36,0.48,1.12,12.48,1.22,"18,245.84","17,461.13",126.17,0.14,41.62,39.56,18.98,7.20,375.01,"6,942.67",53.81,35.09,69.70,87.76,478.83,368.86,851.55,687.28,"2,296.27","1,804.55",796.79,4.19
China,3.13,23.48,4.70,0.94,2.50,4.13,0.50,0.31,1.94,1.51,1.00,1.70,14.45,3.81,10.69,1.72,1.03,1.68,1.21,0.91,1.06,0.67,0.58,10.96,0.78,2.01,3.13,0.31,18.78,1.57,0.36,5.48,1.04,"22,055.95","20,459.05",53.32,0.04,15.70,40.34,10.69,7.04,574.51,"24,673.76",63.53,37.85,91.58,92.97,532.43,317.91,"1,143.27",621.23,"7,284.70","3,538.91",945.47,4.99
Colombia,3.48,20.86,5.21,1.04,2.09,1.35,0.74,0.66,0.87,0.99,1.00,1.53,2.97,3.83,4.89,1.74,0.80,0.94,0.89,0.74,0.86,0.82,1.02,8.69,0.85,1.81,1.46,0.76,30.22,1.56,1.56,6.95,0.80,"17,031.63","22,274.68",77.10,0.06,32.32,32.32,11.15,4.17,204.68,"5,179.67",58.62,40.05,82.87,72.59,288.71,245.23,509.02,440.43,"1,464.51","1,233.67",360.00,12.07
Congo,8.12,48.15,12.50,1.68,3.00,4.82,1.18,0.83,2.26,1.66,3.76,2.64,,4.67,16.37,5.23,3.21,4.14,3.14,3.00,3.82,1.42,1.22,8.08,1.64,4.00,2.40,0.50,90.00,1.66,1.60,8.34,1.17,"30,000.00","22,226.47",125.50,0.14,300.00,109.97,30.00,15.00,233.33,,56.46,65.00,166.67,125.00,"1,000.00",366.67,"3,486.64","1,116.70","8,611.13","6,000.00",625.00,18.50
Costa Rica,7.07,35.35,7.01,2.30,3.54,2.45,1.46,1.32,1.33,1.82,2.07,2.58,6.32,7.54,9.15,4.35,1.15,1.98,2.16,1.87,1.73,0.81,1.93,10.61,1.62,2.60,3.54,0.71,40.65,1.14,1.15,10.61,1.09,"21,582.35","25,916.39",82.66,0.07,55.57,53.05,15.61,6.19,369.04,"7,398.72",65.81,50.17,99.25,93.20,518.08,377.21,903.42,713.72,"1,577.87","1,244.79",821.47,9.61
Croatia,7.09,31.53,5.52,2.36,2.36,1.57,2.07,1.40,0.90,0.90,1.75,2.28,8.30,7.37,9.59,1.35,1.72,1.51,1.57,0.73,0.90,0.92,1.02,5.52,1.17,1.58,4.10,1.58,55.17,2.52,0.95,6.31,1.50,"22,069.49","22,776.89",195.03,0.12,26.33,37.61,10.32,5.52,164.55,"8,830.58",85.68,35.13,85.38,94.06,359.27,271.81,600.90,443.20,"2,196.63","1,555.69",824.27,5.08
Cuba,5.00,15.39,5.00,1.01,2.00,1.32,1.16,0.77,2.28,0.49,0.76,1.04,2.17,3.84,7.32,4.08,0.42,0.76,1.70,1.10,2.11,0.47,1.06,5.00,1.03,1.74,2.40,0.18,7.00,0.73,0.50,10.00,1.02,"81,684.00","47,500.00",6.09,0.38,140.00,7.50,7.50,0.30,25.00,"16,000.00",29.36,42.50,65.94,50.00,535.71,89.69,587.50,178.10,413.21,279.36,26.15,4.72
Curacao,6.27,69.61,7.76,1.95,2.23,2.51,1.43,1.21,1.60,1.45,1.95,2.51,11.42,5.71,15.59,4.46,,2.00,,3.20,,,1.26,8.06,,1.28,6.13,1.25,0.00,19.49,3.46,49.95,1.01,"25,061.33","19,492.15",175.25,0.42,58.21,52.03,23.77,8.49,254.09,"12,809.12",55.00,63.20,88.55,108.23,562.49,459.46,"1,406.22","1,019.16","2,227.67","1,113.84","1,667.75",6.17
Cyprus,11.66,46.63,6.99,3.50,3.50,3.36,1.73,0.95,1.53,1.56,1.62,2.77,7.63,7.11,9.47,1.88,1.54,1.44,1.82,0.80,0.80,0.43,0.88,5.25,1.16,1.65,5.48,1.75,46.63,4.37,0.85,15.83,1.41,"18,359.00","20,123.01",108.85,0.12,43.39,50.00,16.15,9.33,320.55,"8,153.98",69.50,39.86,81.32,94.43,520.15,420.21,846.50,676.50,"1,870.02","1,403.44","1,341.16",4.02
Czech Republic,5.43,24.91,5.84,1.36,1.81,1.93,1.27,0.96,0.79,0.95,1.50,1.79,7.97,6.25,9.81,1.30,1.40,1.54,1.88,0.71,0.63,0.95,0.57,4.98,0.68,1.25,4.53,1.09,23.05,1.81,1.13,13.59,1.38,"18,793.76","19,610.33",185.00,0.15,19.96,33.19,10.93,7.25,411.89,"7,814.02",71.20,35.69,79.37,97.79,609.31,469.12,994.16,725.29,"3,451.70","2,392.10","1,074.23",2.14
Denmark,17.20,78.20,10.95,7.04,6.26,5.18,3.22,2.35,1.13,2.26,2.10,3.53,11.55,9.13,14.88,2.68,2.51,2.72,3.14,1.69,1.43,1.68,1.29,9.38,1.86,2.12,6.88,3.75,59.43,6.26,2.43,65.69,1.62,"37,534.60","39,692.71",182.79,0.14,35.52,36.17,25.12,15.64,497.83,"6,469.31",106.17,42.01,114.14,153.92,980.88,722.08,"1,841.20","1,368.28","4,924.08","3,350.17","3,031.16",2.13
Djibouti,10.53,50.56,7.02,4.78,6.46,3.37,0.56,1.03,1.45,1.12,3.37,6.93,21.35,9.63,11.24,2.81,1.90,2.25,,2.11,1.97,6.46,0.73,11.24,3.65,3.39,1.12,1.54,84.27,2.81,2.81,14.04,1.17,,,224.72,0.11,112.36,67.42,16.85,5.62,196.63,,,,,,926.97,997.19,"1,179.78","1,067.42",674.16,674.16,"1,526.43",
Dominica,5.55,64.75,5.55,1.85,1.85,2.41,1.30,1.29,6.66,1.67,2.04,3.42,3.08,11.86,15.37,6.74,1.91,2.96,4.81,2.70,2.30,1.67,1.57,8.33,1.85,2.41,2.96,0.93,22.20,1.85,1.85,1.85,1.22,,"27,196.54",545.78,,36.39,28.68,,,148.01,,55.50,31.45,101.76,129.51,323.77,203.51,801.71,394.69,,,573.53,
Dominican Republic,7.08,34.67,7.00,2.02,3.03,1.51,0.89,0.43,1.17,1.26,1.05,1.82,5.95,5.42,6.58,1.90,0.86,1.39,1.05,1.15,1.49,1.01,1.08,8.09,1.88,2.99,3.64,0.51,27.29,3.03,3.03,5.05,1.16,"24,181.16","27,320.32",59.59,0.19,50.64,30.71,13.07,5.05,201.91,"8,604.38",52.43,48.35,85.46,84.03,292.44,170.82,673.06,374.63,"1,136.44",674.00,332.04,12.81
Ecuador,4.00,25.00,6.00,1.50,3.00,2.15,0.77,0.48,0.96,1.62,1.33,1.80,5.39,6.16,6.23,2.34,1.03,1.52,1.24,1.00,1.13,0.71,1.02,12.00,1.19,2.36,5.50,0.25,12.00,1.50,1.25,10.00,0.46,"30,000.00","32,666.67",41.30,0.14,37.88,42.95,15.74,6.00,273.75,"5,700.00",66.82,55.79,106.23,86.57,348.81,264.34,618.92,467.69,"1,386.62","1,177.06",475.04,10.83
Egypt,2.79,16.75,3.91,1.40,1.95,1.37,0.28,0.17,0.74,0.45,0.56,1.00,2.51,3.84,7.82,1.28,0.64,0.38,0.33,0.30,0.33,0.24,0.25,6.70,1.12,1.68,1.95,0.14,5.03,0.28,0.11,1.12,0.28,"25,129.14","22,134.64",20.00,0.01,15.70,20.86,6.68,3.35,116.00,"2,229.09",42.01,39.47,98.36,55.86,146.57,83.88,306.52,167.79,544.84,309.43,161.33,15.51
El Salvador,5.00,30.00,6.00,1.75,3.00,2.62,0.68,0.65,1.23,1.56,1.33,1.81,7.71,5.66,10.49,3.07,1.19,1.56,1.68,1.62,1.63,0.88,0.85,12.00,1.02,1.88,3.00,0.25,20.00,5.00,3.00,10.00,0.85,"18,000.00","22,166.67",74.49,0.15,46.50,33.25,12.12,5.00,189.29,"5,080.00",45.00,42.14,85.83,86.60,365.00,300.28,737.50,648.81,"1,178.30","1,144.18",410.58,8.18
Equatorial Guinea,12.82,57.75,14.22,1.78,5.78,3.55,1.78,1.33,1.90,3.20,1.78,2.13,11.55,3.55,6.22,1.78,0.89,,2.22,2.37,2.67,,0.80,7.55,0.89,0.89,1.51,,,0.89,0.67,1.78,0.88,,"35,540.46",106.62,0.36,97.14,79.97,35.54,,,"2,665.53",79.97,266.55,133.28,235.46,266.55,266.55,799.66,533.11,743.38,695.31,444.26,15.00
Estonia,8.16,40.80,6.41,3.50,3.50,2.67,1.44,1.02,0.77,0.88,1.32,1.49,7.88,6.36,8.94,1.17,1.33,1.63,2.10,0.46,0.45,1.28,0.78,8.16,1.41,1.67,4.66,1.75,26.81,2.91,0.70,13.78,1.47,"20,398.89","20,134.67",215.78,0.05,25.02,55.05,24.15,8.16,430.51,"22,042.60",86.46,31.74,80.01,108.35,515.94,365.63,867.10,577.89,"2,447.91","1,625.89","1,126.66",2.47
Ethiopia,3.00,16.21,4.50,1.00,1.00,0.81,0.57,0.47,1.02,0.76,1.88,1.74,8.00,5.33,6.79,5.09,0.82,1.29,0.85,0.62,0.79,0.94,0.82,5.29,0.84,1.10,2.30,0.25,10.00,2.00,1.50,9.00,0.95,"50,000.00","32,789.80",14.63,0.05,210.59,69.37,10.60,3.35,267.78,"17,900.00",35.33,103.57,86.67,47.71,346.93,282.67,"2,155.56","1,266.67","1,700.00",942.15,233.33,15.00
Faroe Islands,17.99,82.11,12.51,7.82,6.26,4.43,2.89,2.35,1.67,,3.13,3.91,3.91,,15.64,,,,,,2.35,2.82,,14.86,1.88,3.13,9.23,0.00,0.00,12.51,,54.66,1.48,"40,818.88","46,136.28",166.35,0.25,70.22,55.73,,14.86,437.90,,151.18,,145.92,187.67,"1,016.56",860.17,"1,329.35","1,407.55","4,691.83","2,867.17","2,319.85",3.10
Fiji,4.83,28.99,7.25,2.42,3.87,2.67,1.22,0.91,1.44,0.58,1.16,2.59,9.90,7.46,10.15,3.28,1.79,3.80,4.64,1.23,1.16,1.15,1.20,12.08,2.02,2.78,6.28,0.48,22.95,0.72,0.54,4.83,1.06,"31,404.82","20,171.56",77.31,0.19,80.32,25.55,5.74,4.83,299.96,"7,488.84",37.77,40.10,96.59,92.68,872.61,277.81,"1,755.45",928.34,"1,470.09","1,091.92",566.60,7.94
Finland,12.82,69.94,8.42,6.99,5.83,3.93,2.55,1.72,1.07,1.99,2.07,2.02,6.88,10.66,15.57,2.19,1.74,2.02,3.27,1.00,1.43,1.86,1.59,11.95,2.88,2.96,7.58,3.50,63.76,6.99,1.87,54.79,1.71,"29,141.27","28,403.58",135.13,0.08,25.63,46.40,25.05,15.15,329.88,"9,451.95",98.49,35.61,99.17,129.93,849.26,658.65,"1,402.07","1,084.71","4,926.74","3,058.70","2,624.03",1.46
France,13.99,58.28,9.33,5.83,4.66,3.06,2.75,1.81,1.10,1.61,1.95,3.00,17.15,11.38,18.52,2.68,2.14,2.45,2.76,1.72,1.95,1.21,0.71,6.99,1.99,2.19,8.28,1.87,66.27,5.83,2.10,34.97,1.55,"23,313.01","24,156.70",156.29,0.24,31.69,44.20,17.47,11.66,719.24,"25,593.50",97.14,39.07,97.26,127.35,789.78,620.67,"1,469.80","1,106.99","5,832.83","3,842.62","2,217.13",1.96
French Polynesia,17.18,97.68,8.90,5.32,3.58,3.80,2.58,1.60,1.03,1.16,1.17,3.85,19.54,5.86,19.54,4.15,1.95,4.59,7.42,1.56,1.56,3.90,0.98,15.63,0.98,1.37,9.77,2.44,19.54,9.77,1.32,78.15,1.13,"38,584.20","35,571.07",200.25,0.51,87.84,43.96,48.84,12.21,390.73,,78.15,51.93,112.33,234.44,932.18,830.29,"1,660.59",976.82,"10,643.71","10,643.71","1,448.94",20.00
Gabon,8.89,71.08,8.00,1.07,2.13,3.26,0.89,0.80,1.25,1.20,3.71,2.58,10.26,9.54,13.91,4.44,2.55,4.27,2.67,4.00,2.09,3.38,1.38,8.89,1.01,1.66,1.78,0.36,53.31,0.62,0.89,8.89,0.95,"28,432.37","29,617.05",94.18,0.20,159.93,85.89,13.33,8.89,197.45,"11,550.65",93.29,31.99,71.08,180.66,"1,488.26",799.66,"4,886.81","1,747.41","3,520.69","2,890.73",755.23,
Gambia,2.70,33.93,3.18,1.38,2.62,2.65,0.53,0.58,1.37,0.17,0.50,2.17,,,,2.65,1.80,2.65,1.70,1.06,,,0.58,1.35,,1.35,1.48,0.17,,,0.42,,1.02,,,63.61,,53.01,12.72,,,106.02,,,,59.37,63.61,269.62,42.41,,63.61,,,74.22,
Georgia,5.24,20.17,4.44,1.01,1.61,1.56,0.51,0.21,1.23,0.36,0.94,1.39,3.83,3.75,5.84,1.01,1.43,1.19,0.96,0.43,0.46,0.46,0.41,4.64,0.84,1.25,1.61,0.20,12.10,1.21,0.20,2.02,0.91,"12,101.04","14,643.73",55.70,0.10,16.45,36.65,8.60,4.84,112.43,"2,805.26",50.73,32.70,83.16,87.14,290.43,186.56,618.92,351.21,922.04,533.07,313.65,11.19
Germany,11.66,52.45,8.16,4.08,3.50,3.10,2.49,2.01,0.83,1.33,2.09,1.99,8.67,7.74,12.98,2.39,1.89,2.69,3.17,1.21,0.99,1.15,0.37,4.66,0.81,1.38,6.99,3.15,81.60,4.08,2.33,34.97,1.56,"23,313.01","22,851.61",248.43,0.11,32.74,32.60,20.78,11.66,359.85,"18,536.52",89.58,38.92,98.56,123.15,790.73,590.69,"1,566.59","1,137.19","5,174.45","3,491.89","2,550.37",1.88
Ghana,4.31,31.25,6.47,1.50,1.97,2.16,0.95,0.68,2.15,1.09,1.87,2.37,19.80,5.20,5.91,2.66,1.39,1.71,2.43,2.52,1.54,1.15,0.64,6.47,1.36,1.78,2.00,0.59,233.61,1.08,1.08,4.00,0.88,"21,574.97","11,682.49",70.71,0.05,55.37,47.24,8.12,7.55,357.25,"4,046.66",46.66,34.77,66.08,62.33,827.62,210.41,"2,397.52",902.79,"3,083.61","3,774.44",289.53,24.83
Gibraltar,13.31,53.23,9.32,4.66,3.99,2.79,1.84,1.46,1.57,1.29,2.12,2.13,5.77,5.77,8.65,3.66,3.13,3.33,3.33,2.99,2.33,1.33,1.22,6.65,1.53,2.00,3.86,1.60,31.94,3.99,1.33,3.33,1.13,"17,629.84","24,945.94",129.35,0.16,45.25,61.22,26.62,9.65,510.14,"11,178.76",52.57,42.59,70.98,79.85,"1,397.35",998.10,"3,460.09","2,794.69","7,319.43","4,990.52","3,175.97",2.67
Greece,11.66,34.97,6.99,4.08,4.66,3.36,1.67,0.58,1.35,1.00,1.94,3.36,9.51,7.58,10.45,1.57,1.72,1.08,1.51,0.88,0.88,0.73,0.92,6.99,1.51,1.81,4.90,1.63,34.97,3.96,0.93,12.82,1.76,"19,816.06","21,601.37",166.40,0.40,30.87,36.17,18.16,8.74,401.90,"8,137.44",85.29,34.75,90.37,104.29,326.17,285.74,543.31,501.55,"1,672.17","1,447.08",804.71,4.57
Greenland,15.64,59.37,14.59,3.46,5.44,4.08,,1.48,1.43,3.13,2.35,3.74,19.62,8.13,11.34,2.97,3.07,2.77,2.01,1.74,3.32,1.56,2.35,6.59,6.22,3.47,12.10,2.11,78.20,3.60,2.43,31.28,0.16,"21,895.18","21,113.21",938.37,0.10,171.88,46.76,21.90,13.29,742.87,"12,198.75",125.12,109.48,187.67,234.59,963.92,938.37,"1,720.34","1,354.91","5,325.31","5,325.31","2,916.02",
Grenada,7.40,55.50,7.40,2.04,2.59,3.08,1.30,0.93,1.91,1.48,1.19,3.57,9.41,10.48,19.32,9.23,1.56,2.49,3.12,2.87,2.90,3.08,1.66,11.10,2.01,2.04,4.44,0.93,,9.25,3.70,,1.34,"37,002.09","32,068.48",71.23,0.26,38.85,44.40,,9.25,129.51,,67.84,37.00,113.47,101.14,439.40,384.82,912.72,604.37,"1,295.07","1,295.07",945.04,7.25
Guam,15.00,55.00,8.00,3.25,5.00,4.36,1.76,1.72,3.17,3.68,3.68,3.76,16.01,10.47,16.25,6.38,3.26,8.33,4.41,1.92,1.75,3.75,1.77,12.00,3.40,4.43,6.99,2.00,20.00,,1.55,,1.02,"26,500.00","21,500.00",327.96,,90.45,56.25,17.50,9.00,390.00,,57.98,53.75,90.25,115.67,"1,600.00","1,071.43","2,477.27","1,930.00","1,614.59","1,345.49","2,250.00",4.42
Guatemala,5.35,26.75,5.35,2.01,3.34,2.37,1.02,0.65,1.46,2.28,1.10,1.72,5.75,6.54,7.64,2.80,0.96,1.87,1.26,1.14,1.14,0.65,0.89,8.02,1.39,2.07,2.94,0.20,12.04,3.34,1.07,6.69,0.85,"17,385.48","20,534.32",56.91,0.14,59.41,48.66,16.58,6.02,265.46,"4,065.53",65.10,45.75,93.84,100.30,431.42,275.46,896.60,491.70,"1,745.72",764.57,512.65,9.15
Guernsey,13.31,66.54,7.98,5.26,4.99,3.62,1.46,1.09,1.67,1.73,1.66,2.86,10.81,11.98,13.31,,2.66,0.27,2.00,2.66,1.33,1.06,1.06,7.98,2.46,2.53,8.60,1.33,54.56,4.66,2.07,79.85,1.60,"18,631.27",,66.54,0.60,53.23,73.19,13.97,8.65,"1,330.80",,56.56,24.62,119.77,90.94,"1,513.79","1,447.25","2,883.41","2,750.33","3,629.10","3,593.17","3,218.11",2.70
Guyana,4.78,28.69,5.74,1.43,2.39,3.10,1.00,0.63,2.03,1.83,1.21,2.40,7.88,2.17,4.54,4.14,1.42,1.43,1.74,0.90,0.84,1.11,1.34,17.59,1.02,1.96,2.15,0.48,15.30,1.91,1.91,7.17,0.93,"12,432.97","11,237.49",62.86,0.13,63.44,26.78,10.56,5.26,41.44,832.05,32.28,34.43,78.10,53.80,187.29,113.97,426.39,234.31,"5,020.07","2,987.71",302.06,8.75
Haiti,7.71,36.90,10.00,1.00,2.75,2.79,0.87,0.49,1.60,1.50,2.47,2.25,2.75,7.24,11.05,5.13,3.53,4.10,3.84,4.34,2.70,4.00,1.19,5.66,1.00,3.81,1.71,0.24,,0.49,2.40,4.00,1.03,"40,000.00","50,000.00",119.31,0.19,70.77,85.00,40.00,10.00,387.50,"2,400.00",65.00,75.00,120.00,95.00,"1,092.97",775.00,692.24,498.48,"4,958.17","3,957.65","1,333.00",12.50
Honduras,5.31,25.00,6.00,1.50,2.50,1.70,0.95,0.79,1.15,1.35,1.42,1.93,3.30,4.83,6.83,2.32,0.78,1.34,0.95,1.26,1.06,0.81,1.05,8.86,1.26,1.90,2.00,0.50,30.00,2.56,2.60,8.76,1.03,"17,500.00","20,000.45",111.78,0.20,69.41,44.53,8.40,5.00,172.66,"3,627.28",43.19,35.68,90.45,85.01,296.03,204.13,513.10,451.31,"1,404.32",930.00,411.03,11.94
Hong Kong,6.37,44.61,4.46,6.37,7.01,4.37,1.12,0.91,2.95,2.32,2.02,3.29,16.81,8.26,21.13,3.02,2.30,2.67,2.67,2.63,2.21,1.78,1.97,19.12,1.92,2.31,7.26,1.27,63.73,3.06,1.08,13.00,1.97,"28,039.23","27,480.79",143.05,0.05,27.71,82.03,7.38,12.75,652.51,"15,464.06",78.57,32.78,85.76,133.00,"2,260.32","1,483.87","4,604.28","2,902.74","28,415.34","17,843.34","2,542.75",2.31
Hungary,5.47,29.17,5.47,1.46,1.64,1.44,1.02,0.71,0.79,0.66,1.03,1.76,6.05,4.76,8.48,1.16,1.47,1.34,1.79,0.66,0.65,0.83,0.36,4.56,0.81,1.10,4.38,1.28,34.64,1.64,1.02,15.32,1.31,"20,098.03","20,231.78",175.78,0.11,15.59,38.51,12.54,6.20,318.86,"9,859.43",67.29,31.50,81.62,90.24,448.14,328.15,778.43,545.65,"2,234.72","1,355.95",698.07,5.51
Iceland,21.30,112.96,14.12,10.35,9.41,4.97,2.70,2.26,1.45,3.36,3.15,5.68,16.08,19.21,28.27,2.95,2.51,3.06,4.80,2.45,1.65,2.78,2.24,21.65,3.24,3.18,12.24,4.24,110.61,6.50,2.82,70.04,1.90,"32,005.39","33,157.14",111.43,0.19,60.39,72.08,32.26,14.03,324.08,"22,592.04",135.33,71.10,165.67,225.85,"1,680.96","1,375.39","2,571.45","2,140.93","4,981.96","3,821.73","3,315.75",6.27
India,2.21,9.67,3.69,1.77,2.81,1.47,0.42,0.21,0.66,0.42,0.73,0.89,4.65,3.09,4.39,1.93,0.70,0.93,0.48,0.32,0.40,0.49,0.41,7.38,1.57,2.38,2.95,0.30,8.86,0.72,0.22,1.03,1.08,"11,811.31","23,142.72",33.07,0.01,15.47,20.85,6.83,3.69,77.90,"2,494.17",33.92,34.41,50.12,38.25,174.73,107.88,420.72,253.67,"1,475.42",724.73,521.11,9.66
Indonesia,1.77,10.64,3.19,2.20,3.55,1.87,0.58,0.25,1.25,1.00,0.86,1.34,8.02,2.96,8.45,2.63,1.27,1.94,0.96,1.27,1.85,0.86,0.41,21.28,1.91,2.79,1.56,0.28,14.19,0.50,0.35,2.98,0.59,"33,699.29","26,281.42",61.06,0.11,33.47,26.68,6.75,3.55,72.39,"7,834.07",31.63,25.97,59.12,57.24,256.26,143.43,601.40,337.90,"1,247.51",711.22,355.37,8.59
Iran,4.75,14.25,4.00,0.60,0.95,2.03,0.39,0.18,0.62,0.38,2.66,1.41,3.94,2.65,9.90,0.93,1.11,0.94,0.61,0.48,0.50,0.42,0.31,2.37,0.54,0.95,2.17,0.17,11.87,0.24,0.24,3.56,0.24,"23,748.12","35,446.00",28.30,0.02,37.11,25.21,15.45,2.37,108.41,"2,132.48",37.10,29.98,92.67,60.05,385.91,244.39,860.96,537.84,"1,422.79",734.00,422.86,19.03
Iraq,6.69,22.79,6.74,1.73,2.08,1.91,0.44,0.23,1.20,0.91,1.53,1.58,5.63,4.21,11.89,1.20,1.18,1.14,0.78,0.70,0.72,0.80,0.62,10.00,1.51,1.94,2.00,0.47,25.51,2.58,2.00,10.00,0.51,"15,000.00","17,468.36",107.40,0.11,40.93,43.28,18.44,8.55,117.49,"2,497.91",31.92,30.63,59.49,49.83,364.68,262.52,668.00,471.89,"1,270.27",742.86,576.20,12.04
Ireland,17.48,64.11,9.27,5.83,5.83,3.32,1.80,1.49,1.13,1.52,1.82,3.13,9.35,9.15,9.96,2.39,1.93,2.23,2.76,1.59,1.15,1.12,1.52,11.66,2.73,2.85,13.17,3.03,139.88,4.66,1.33,27.28,1.57,"27,975.61","28,700.45",160.06,0.30,57.16,46.87,15.53,11.66,988.62,"7,337.60",86.63,39.51,90.93,101.41,"1,428.58","1,198.96","2,357.84","1,910.32","5,016.35","3,415.10","2,546.46",3.85
Isle Of Man,19.96,79.85,7.98,4.66,4.66,3.65,2.00,1.33,1.95,2.25,5.32,2.40,5.06,7.32,6.65,3.06,1.60,1.60,3.33,0.67,4.66,0.53,1.32,9.32,3.66,,13.97,2.53,,3.99,3.86,,1.66,,,79.85,0.27,46.58,47.91,,11.98,,,76.52,58.11,75.41,79.85,898.29,765.21,"1,796.59","1,114.55",,,"2,617.25",3.57
Israel,15.44,58.97,14.04,7.86,7.30,3.35,2.42,1.92,1.58,1.82,2.23,3.49,11.75,9.07,17.86,2.48,2.16,1.49,1.37,1.10,0.89,1.44,1.13,11.23,2.39,3.18,9.55,1.66,59.81,3.37,1.05,25.27,1.71,"36,504.91","36,492.17",200.19,0.09,25.56,69.85,17.18,11.23,758.45,"13,709.99",89.00,56.60,118.79,121.06,958.02,756.26,"1,626.00","1,281.89","6,908.89","4,696.16","2,282.68",3.42
Italy,17.48,58.28,8.74,5.25,4.66,1.56,2.31,1.15,1.30,1.72,2.29,2.92,13.37,9.50,17.36,2.08,1.94,1.91,2.12,1.38,1.48,1.26,0.45,5.83,1.48,1.86,6.06,1.75,40.80,5.83,1.75,33.01,1.72,"23,313.01","25,473.47",169.62,0.12,31.55,54.05,20.68,9.33,489.78,"20,460.89",91.78,36.63,94.73,130.67,682.47,515.96,"1,186.35",854.29,"4,190.72","2,525.88","1,753.26",2.42
Ivory Coast,3.55,44.43,10.66,1.78,5.33,3.81,0.80,0.68,1.69,0.39,1.12,2.19,12.26,7.11,7.11,2.55,0.87,2.25,1.56,1.20,2.40,0.68,0.85,7.55,0.76,1.16,1.42,0.53,44.43,0.89,0.71,,1.04,"14,216.18","35,540.46",308.02,0.18,88.58,81.74,8.89,8.89,96.75,"4,442.56",85.89,71.08,95.96,135.50,644.17,188.36,"1,665.96",651.58,"1,688.17",888.51,420.07,10.67
Jamaica,3.96,39.59,5.54,1.98,2.38,2.36,0.91,0.77,2.07,2.35,1.16,2.72,5.88,6.36,6.13,5.64,1.54,2.15,1.50,2.06,1.15,0.96,1.22,13.86,1.44,2.19,5.82,0.79,68.08,2.38,1.41,7.92,1.11,"26,526.26","27,551.32",110.13,0.05,41.46,45.41,32.86,10.69,338.34,"1,847.60",43.14,38.72,56.56,68.39,441.32,248.40,849.02,539.07,"2,324.90","2,876.60",572.85,9.44
Japan,7.31,36.56,6.22,3.66,4.57,3.44,1.20,0.95,1.67,1.68,3.91,2.02,16.16,7.68,17.13,6.41,2.87,5.08,6.24,3.50,2.94,1.91,1.14,10.97,2.49,3.26,4.20,1.92,91.41,5.48,3.66,30.26,1.20,"22,852.73","19,004.44",183.54,0.39,40.86,82.80,18.77,16.45,382.26,"22,157.21",60.19,34.90,71.51,91.02,748.34,513.72,"1,645.57",995.30,"8,645.95","4,272.37","2,530.58",1.22
Jersey,26.62,93.16,7.65,5.52,5.22,3.27,2.44,1.67,1.53,2.46,2.66,2.97,9.54,11.98,10.42,5.06,3.64,5.32,3.11,3.55,2.50,1.66,1.00,9.32,2.23,3.57,10.91,2.66,65.21,4.99,1.87,,1.44,"21,292.88","25,362.61",141.24,0.44,45.69,65.21,16.41,13.31,"1,463.89","7,984.83",86.50,66.54,102.03,98.15,"1,483.85","1,375.16","3,027.58","2,836.28","2,193.37","1,498.29","2,972.75",3.17
Jordan,6.34,42.29,7.05,5.64,7.05,3.28,0.53,0.39,1.51,0.33,1.40,1.91,7.08,5.85,11.03,1.76,1.52,1.29,0.62,0.90,0.73,0.55,0.56,21.14,5.16,6.72,3.10,0.70,42.29,0.36,0.48,7.05,1.09,"31,011.86","28,947.76",76.23,0.05,47.41,58.73,27.84,11.28,254.09,"4,591.98",56.80,61.03,89.60,74.02,366.10,238.38,623.08,424.93,"1,117.57",645.28,641.90,7.69
Kazakhstan,6.08,30.41,4.56,1.22,1.52,1.96,0.56,0.35,0.81,0.28,0.77,1.06,5.39,3.50,5.89,1.23,1.50,1.87,1.64,0.46,0.39,0.93,0.51,6.08,0.66,1.25,1.06,0.24,21.29,1.22,0.30,3.04,0.48,"17,020.92","19,703.11",64.15,0.03,12.43,50.23,11.81,4.56,192.14,"5,202.22",54.47,42.65,78.27,95.26,324.76,223.77,671.39,397.54,"1,104.72",756.92,372.60,17.70
Kenya,3.95,24.71,5.93,1.98,2.47,2.27,0.51,0.44,0.93,0.51,1.39,1.52,7.02,6.50,4.70,2.76,1.20,1.69,1.04,1.06,1.02,0.60,0.80,9.39,1.85,2.36,1.98,0.49,29.65,2.96,1.48,2.96,1.01,"15,811.45","12,833.08",46.17,0.03,54.47,48.14,6.32,6.92,196.19,"7,400.32",23.57,28.48,53.11,45.70,262.31,145.99,618.24,346.60,"3,244.50",848.22,337.08,14.76
Kosovo (Disputed Territory),2.91,15.74,2.33,1.75,1.75,1.06,1.13,0.58,0.92,0.32,1.17,1.03,3.57,3.28,7.16,0.68,1.22,1.14,0.63,0.36,0.58,0.58,0.36,3.50,0.72,0.93,2.68,0.47,9.33,1.75,0.58,3.50,1.18,"17,484.76","16,319.11",75.70,0.06,12.04,12.98,6.10,3.50,92.28,"2,525.58",33.03,24.48,38.66,44.36,263.54,172.82,428.38,304.18,"1,457.06",778.07,466.44,6.00
Kuwait,6.62,39.69,6.62,1.65,2.48,5.04,0.54,0.47,1.41,1.03,1.84,1.88,6.08,5.36,9.95,2.19,1.78,1.75,1.94,1.17,1.24,2.36,0.50,7.77,1.69,1.26,2.48,0.83,49.62,3.31,2.06,7.44,0.32,"18,192.22","17,815.51",40.83,0.14,30.99,106.17,42.65,11.58,340.14,"8,341.55",52.10,45.46,87.10,83.73,920.02,743.57,"1,932.11","1,510.51","5,859.31","4,239.34","1,974.23",5.26
Kyrgyzstan,3.66,14.66,2.93,1.01,1.10,1.54,0.41,0.27,0.75,0.30,0.95,1.27,4.77,3.48,5.67,1.04,1.73,1.62,1.19,0.42,0.36,0.57,0.40,4.40,0.82,1.05,0.95,0.15,4.40,0.73,0.18,2.64,0.60,"16,123.76","20,887.60",39.28,0.03,15.76,36.44,7.41,4.40,123.13,"3,972.31",43.44,37.46,71.81,68.63,277.46,184.85,477.32,292.40,674.92,526.00,219.18,19.60
Laos,2.42,19.39,6.01,1.10,1.91,2.22,0.64,0.34,2.64,2.85,1.01,1.36,41.99,3.45,9.85,1.95,0.90,2.19,1.23,0.98,1.37,0.89,0.58,18.18,1.03,2.63,1.95,0.54,4.50,2.16,2.50,4.75,0.97,"28,000.00","32,000.00",72.01,0.10,70.98,66.95,7.00,4.97,235.00,"5,801.27",51.67,48.00,103.33,20.00,550.00,330.00,"1,325.00",970.00,"4,905.56",818.80,249.47,9.00
Latvia,7.58,36.14,5.83,2.33,2.33,2.41,1.12,0.85,1.09,0.89,1.51,1.83,7.08,5.72,8.11,1.27,1.57,1.80,2.20,0.56,0.50,1.29,0.73,5.83,1.13,1.33,4.08,1.34,58.28,1.17,0.58,9.33,1.37,"19,816.06","19,767.69",196.42,0.09,17.12,40.87,24.34,8.16,342.70,"13,550.69",76.20,34.77,86.07,121.88,410.50,296.37,683.50,476.88,"1,866.21","1,196.98",746.47,2.64
Lebanon,10.00,50.00,8.00,2.00,3.74,3.09,0.78,0.43,2.22,0.81,1.81,2.97,7.77,7.53,11.52,1.68,1.19,1.16,1.19,0.84,0.85,0.95,0.69,10.00,1.20,1.91,2.30,1.32,49.59,6.00,1.50,15.00,0.86,"22,000.00","20,469.08",123.85,0.32,44.15,66.08,22.49,9.99,377.16,"5,480.54",82.16,50.52,106.92,119.04,830.19,481.45,"2,105.85",874.61,"4,125.34","1,595.33","1,075.31",5.99
Lesotho,13.01,23.99,3.43,0.92,1.12,1.88,0.70,0.48,0.99,0.80,1.68,1.24,9.60,4.00,9.60,2.08,1.44,1.80,2.40,2.00,1.44,1.60,0.83,4.80,1.16,1.20,3.12,0.52,23.99,0.50,0.52,3.60,0.88,"11,997.08",,,0.21,74.65,23.99,2.40,3.00,479.88,"1,719.58",45.99,31.33,74.65,147.96,513.23,39.99,499.88,259.94,,,724.12,10.00
Liberia,10.00,55.00,12.50,2.00,3.75,4.40,1.34,1.00,1.95,1.67,2.00,4.13,20.39,15.09,30.86,,1.60,,14.00,4.40,3.31,,,13.00,1.50,3.00,,2.50,,4.00,,15.00,1.02,"22,000.00",,269.16,0.20,125.00,123.33,10.00,,70.83,"3,000.00",12.00,,53.00,75.00,"1,700.00",105.00,"3,600.00",237.50,104.95,"6,824.32","1,000.00",6.00
Libya,8.86,25.83,7.38,2.21,2.40,1.33,1.13,0.31,2.27,0.49,2.40,3.45,10.49,8.73,15.63,4.42,3.03,2.24,1.54,1.46,1.18,1.08,0.73,4.98,2.54,1.80,7.01,0.74,22.14,3.69,2.21,14.76,0.11,"14,760.15","18,696.19",31.59,0.06,28.41,54.10,25.49,7.38,170.15,"1,992.62",76.01,77.55,108.83,124.23,525.26,336.04,"1,107.55",666.23,"2,036.56","1,223.45","1,803.48",3.20
Lithuania,8.16,34.97,5.83,3.09,2.91,2.34,1.28,1.00,1.01,1.15,1.75,1.77,8.22,5.30,8.19,0.91,1.19,1.49,1.67,0.42,0.33,1.13,0.77,6.99,1.22,1.48,4.08,1.17,33.80,1.05,0.70,11.66,1.33,"19,816.06","20,685.74",174.07,0.08,12.87,42.18,20.88,7.58,355.52,"12,834.50",77.92,43.56,89.41,121.36,486.56,305.15,773.65,490.38,"2,455.14","1,483.46",792.28,2.07
Luxembourg,19.82,81.60,10.20,5.83,4.66,3.61,2.99,2.57,1.36,2.05,2.13,3.63,17.18,12.81,20.64,2.51,2.00,2.88,3.02,1.67,2.08,1.74,0.92,6.99,1.64,1.80,6.59,2.33,46.63,2.97,3.26,34.97,1.29,"24,467.01","27,671.57",250.07,0.15,52.58,68.48,29.43,10.49,"1,206.45","17,146.72",96.17,44.93,104.13,145.06,"1,662.22","1,287.77","3,302.68","2,274.39","9,194.93","6,823.86","3,629.14",1.95
Macao,6.80,50.72,4.95,4.33,4.95,4.04,0.91,0.70,1.57,1.96,2.31,2.80,8.66,6.03,9.48,3.71,0.62,2.60,2.78,2.16,2.16,2.06,1.98,7.42,1.55,3.71,6.19,0.43,21.15,2.10,1.24,14.84,1.37,"21,648.85","14,844.93",86.30,0.05,25.79,111.34,8.35,12.37,329.89,"14,226.39",74.22,29.37,77.66,94.84,"1,036.05",783.48,"2,103.03","1,731.91","11,762.28","9,587.37","2,085.36",2.73
Macedonia,4.26,16.58,2.84,1.51,1.70,1.14,1.12,0.67,0.91,0.50,1.10,1.52,5.23,4.46,6.56,0.74,1.07,0.91,0.92,0.51,0.54,0.36,0.42,3.78,0.82,1.04,2.27,0.66,26.49,0.76,0.47,5.68,1.21,"18,785.47","20,182.38",108.81,0.11,14.21,19.35,7.04,4.73,179.58,"4,224.22",42.77,32.49,76.13,77.75,212.08,149.86,364.40,265.51,"1,130.24",822.11,349.75,6.56
Madagascar,2.32,12.99,3.67,0.76,1.83,1.38,0.72,0.49,1.19,0.45,0.52,1.74,9.78,3.97,3.50,1.04,0.47,1.22,1.05,0.57,0.86,0.15,0.50,2.45,0.69,1.12,1.22,0.12,,1.53,1.53,4.18,1.09,"30,571.69","48,914.70",15.29,0.05,72.43,64.96,,,"1,070.01","1,268.73",122.29,3.06,177.32,32.10,155.36,85.98,743.91,458.58,917.15,,61.14,
Malawi,4.11,27.81,4.46,1.04,1.67,2.17,0.61,0.33,1.20,0.42,1.40,1.34,11.21,1.67,3.90,2.61,1.11,2.44,0.84,1.36,1.09,0.28,1.12,8.46,0.70,3.49,,0.28,,4.13,1.30,2.00,1.10,,"26,215.02",24.97,0.23,58.67,55.67,2.77,4.88,305.65,"9,011.86",44.72,14.22,55.09,86.88,262.22,292.57,"1,006.58",518.86,"5,196.10",,913.91,28.25
Malaysia,2.51,12.56,3.27,3.52,3.77,2.47,0.57,0.32,1.73,0.80,0.99,1.31,15.54,3.16,6.54,2.53,1.33,2.42,1.19,0.94,1.03,0.94,0.58,13.82,2.76,3.19,4.27,0.75,25.12,0.75,0.50,6.28,0.56,"37,539.58","28,767.94",45.77,0.07,41.05,35.24,5.73,3.77,153.01,"6,293.15",55.30,29.60,69.78,65.23,370.62,244.48,702.14,426.04,"2,190.64","1,219.83",873.05,4.56
Maldives,4.84,23.59,9.67,2.26,3.55,2.58,0.77,0.25,1.67,1.60,1.61,1.79,7.82,5.93,9.67,2.74,4.84,2.58,5.80,2.04,2.47,4.19,0.43,96.71,,9.67,4.22,0.64,49.97,1.61,1.61,6.45,0.77,"41,909.25","43,521.15",170.66,0.07,83.41,50.77,17.19,6.45,117.13,"3,352.74",36.54,33.67,73.79,76.78,794.87,621.12,"1,726.52","1,400.05","5,688.94","2,713.06",596.83,11.00
Mali,2.90,62.50,5.23,2.80,3.70,2.61,0.80,0.90,1.98,0.69,0.82,1.74,14.00,,3.60,,1.07,1.97,,0.66,0.66,,0.83,7.00,,,,2.00,,1.80,1.26,8.37,1.22,,"45,000.00",380.83,0.26,17.96,70.00,,4.80,300.00,"20,000.00",11.67,26.94,15.26,53.87,500.00,280.00,800.00,650.00,400.00,,97.00,56.32
Malta,13.99,58.28,8.74,2.91,2.91,2.13,1.82,1.14,1.00,1.10,1.98,2.57,9.01,7.53,12.71,2.43,1.88,2.40,2.53,1.36,1.51,1.54,0.87,6.70,1.53,1.70,6.53,1.75,30.31,11.66,2.33,23.31,1.52,"27,392.79","26,540.52",95.45,0.27,31.42,54.21,12.23,9.33,412.29,"8,159.55",88.27,40.06,90.44,101.08,876.48,673.62,"1,506.68","1,084.06","3,171.91","2,164.34","1,290.12",3.66
Mauritania,5.63,14.06,5.63,4.22,4.22,1.41,1.41,0.84,1.69,,2.39,2.25,5.63,5.06,4.22,2.39,1.69,1.13,1.41,0.79,0.84,0.56,0.56,7.03,,4.22,2.81,,,1.41,,,1.13,,,70.32,0.17,47.82,,11.25,,239.10,"2,812.94",,,,,253.16,225.04,225.04,421.94,,,,
Mauritius,6.10,34.45,5.45,2.58,2.87,1.95,0.96,0.59,1.26,0.58,1.61,1.97,7.28,6.49,10.65,1.69,1.24,1.51,2.60,1.14,1.34,0.70,0.71,10.05,2.03,2.23,5.74,0.98,31.58,3.59,2.87,14.35,1.28,"35,882.94","36,252.02",60.98,0.05,34.20,38.21,12.02,7.18,147.84,"4,765.25",66.02,49.01,92.70,84.94,335.19,238.26,744.68,489.80,"1,148.25",917.96,593.55,8.21
Mexico,4.61,20.47,4.35,1.38,2.30,1.87,0.63,0.50,0.83,1.30,0.88,1.28,4.66,4.14,6.35,1.82,0.82,0.71,0.92,0.94,0.87,0.65,0.71,7.16,0.93,1.65,2.56,0.41,15.97,1.54,0.46,6.14,0.89,"14,322.19","14,144.28",36.63,0.07,23.68,29.48,10.63,3.58,161.73,"5,383.88",38.77,29.83,65.24,55.69,278.27,186.95,565.99,396.26,"1,065.29",744.57,482.34,11.26
Micronesia,9.00,30.00,8.00,3.00,4.00,2.67,2.00,1.17,4.20,2.75,1.75,3.25,30.00,8.00,21.50,2.00,1.15,2.75,5.50,4.50,4.00,4.00,3.00,16.00,3.00,3.75,,1.00,,1.00,0.68,1.00,1.15,"25,000.00",,230.00,0.40,72.50,40.00,,6.50,,,35.00,35.00,120.00,92.50,675.00,450.00,"1,200.00",800.00,"16,145.87","6,392.00","1,625.00",4.00
Moldova,4.75,20.80,4.61,0.92,1.49,1.32,0.67,0.47,0.73,0.38,1.11,1.33,6.06,3.85,5.35,0.70,1.46,1.42,1.31,0.46,0.51,0.75,0.58,3.57,0.81,1.25,1.49,0.12,7.13,1.49,0.16,3.57,1.03,"17,827.39","19,360.36",130.42,0.09,9.55,27.46,8.98,5.94,171.89,"3,327.78",61.57,39.78,109.41,103.33,248.26,194.12,440.37,335.22,918.96,626.20,273.16,12.53
Monaco,28.79,116.57,10.98,6.50,6.99,4.02,4.45,2.87,1.71,2.42,3.34,3.85,20.40,16.32,11.37,2.79,3.43,2.91,3.50,4.66,3.10,2.62,1.05,15.74,7.77,6.99,8.16,2.33,31.47,3.50,4.08,48.96,1.85,"27,392.79","32,133.10",260.33,0.12,72.56,155.42,35.55,13.99,"1,398.78","22,147.36",81.60,58.28,128.22,253.53,"3,217.20","2,937.44","18,456.13","10,957.12","62,612.09","45,227.24","5,315.37",2.27
Mongolia,2.50,20.00,5.00,1.69,2.00,2.30,0.65,0.35,0.93,0.58,1.24,1.59,7.62,3.43,3.42,2.10,2.14,2.74,2.35,0.36,0.65,1.28,0.56,8.00,0.67,1.27,1.72,0.21,16.25,0.40,0.40,5.05,0.74,"21,444.32","24,994.82",57.96,0.03,13.42,38.07,20.30,3.34,121.51,"4,566.26",30.01,32.28,84.45,87.51,302.25,182.02,559.81,372.28,"1,173.12",714.16,336.73,8.00
Montenegro,5.83,29.14,4.66,2.10,2.33,1.57,1.83,0.99,0.88,0.64,1.41,1.54,5.58,5.75,8.09,0.99,1.32,1.04,1.33,0.54,0.67,0.85,0.62,4.66,0.97,1.24,2.91,0.99,29.14,1.17,0.58,9.91,1.40,"18,067.58","20,806.86",125.96,0.14,28.13,34.29,11.58,4.66,160.01,"11,073.68",66.62,39.63,79.06,92.09,331.66,235.27,530.09,390.98,"1,917.50","1,272.17",528.73,6.39
Morocco,3.16,15.78,5.26,2.63,3.16,1.48,0.56,0.37,0.73,0.44,1.22,1.38,7.21,4.41,7.92,1.29,1.12,0.60,0.50,0.45,0.48,0.41,0.63,7.36,1.90,2.52,3.47,0.42,15.78,0.68,0.63,3.26,1.04,"21,041.56","20,005.07",38.09,0.17,27.05,24.77,15.99,5.26,115.14,"3,613.01",40.67,38.46,74.17,70.63,347.97,197.64,642.89,340.22,"1,544.53",869.87,426.38,5.70
Mozambique,8.25,35.47,4.95,0.99,1.32,1.56,0.81,0.64,1.44,0.58,1.11,1.63,6.63,5.61,7.72,1.88,0.75,1.69,1.04,0.60,0.60,0.62,0.67,10.56,0.92,1.35,1.65,0.16,0.82,3.30,0.82,8.25,0.99,"23,095.96","29,397.86",55.74,0.12,156.00,56.55,9.90,5.69,206.21,"8,893.32",64.50,45.37,74.28,93.54,372.10,234.63,"1,212.70",639.26,"1,704.70","1,154.80",392.01,27.33
Myanmar,2.50,15.00,4.80,1.20,2.00,2.00,0.54,0.30,1.79,1.45,1.82,1.47,20.00,7.00,8.34,3.21,2.00,2.80,1.13,1.13,0.89,0.83,0.85,11.00,1.16,2.17,2.80,0.15,9.08,1.50,1.50,5.00,0.67,"40,134.72","61,666.67",29.20,0.02,400.00,59.78,6.28,3.00,570.83,"12,250.00",30.59,19.93,88.06,71.13,566.67,325.00,"1,572.22",957.14,425.26,312.59,260.00,11.25
Namibia,10.19,36.72,5.67,1.66,1.96,1.93,0.84,0.71,1.48,0.92,1.90,2.60,8.90,6.72,7.39,2.47,2.09,2.43,1.82,2.32,1.83,1.66,1.38,6.00,1.26,1.86,2.94,0.80,26.48,0.83,0.80,4.00,0.95,"23,721.58","23,603.66",103.39,0.15,54.05,50.81,10.75,4.99,147.75,"2,970.61",66.53,43.04,110.84,89.54,538.56,451.55,"1,150.19",952.48,"1,178.99","1,119.32",911.97,11.37
Nepal,1.84,7.37,5.44,2.77,3.69,1.60,0.45,0.21,0.64,0.53,0.80,1.55,7.10,3.67,4.51,1.57,0.89,0.98,0.64,0.42,0.58,0.28,0.33,6.91,2.11,3.34,1.84,0.18,9.22,1.84,0.46,2.77,0.95,"36,874.30","52,935.48",33.51,0.02,18.95,22.23,12.86,3.69,67.77,"2,297.62",28.70,30.69,48.22,37.82,129.06,86.24,277.81,160.09,"1,347.51",703.67,208.60,11.57
Netherlands,17.48,69.94,8.16,4.66,4.08,3.03,2.56,2.15,1.12,1.41,1.95,2.55,11.13,8.94,16.92,2.06,1.87,1.97,2.52,1.36,1.41,1.08,0.97,5.83,1.34,2.17,7.81,3.38,93.25,4.66,2.46,34.97,1.81,"28,728.04","25,857.94",178.61,0.16,41.07,32.19,20.75,12.82,"1,727.78","7,094.44",96.50,38.02,104.11,140.62,"1,089.43",817.53,"1,823.72","1,318.83","4,666.81","2,929.71","2,588.47",2.52
New Caledonia,28.33,80.59,11.72,7.33,7.57,5.21,4.11,3.42,1.40,3.92,2.00,5.26,16.59,20.98,18.32,4.59,5.60,8.14,5.86,3.57,3.22,3.86,3.74,14.65,,3.91,12.21,1.86,54.56,1.95,2.93,,1.29,"27,350.83","33,211.72",264.35,0.43,83.27,91.17,9.77,11.72,683.77,"7,033.07",63.49,92.31,102.57,97.68,"1,147.76",944.25,"2,075.73","1,644.31","5,860.89","4,395.67","2,246.67",4.27
New Zealand,12.45,58.80,7.61,5.53,5.53,3.08,2.14,1.78,1.79,1.51,1.86,3.23,6.60,9.05,11.22,2.43,2.10,2.54,3.67,1.91,1.72,1.98,1.25,10.38,3.15,3.53,17.29,2.42,106.25,2.42,2.08,41.51,1.39,"23,521.19","20,799.08",123.54,0.33,60.13,40.98,10.61,11.07,626.75,"13,675.60",72.56,41.32,98.20,110.58,"1,008.19",791.57,"1,622.62","1,375.38","4,097.65","3,456.57","2,348.28",4.87
Nicaragua,5.00,24.18,5.60,1.00,2.17,1.91,0.83,0.67,1.03,1.51,1.23,1.78,3.17,5.33,7.73,7.81,1.11,1.70,1.30,1.31,1.31,0.66,1.00,8.50,0.92,2.76,1.87,0.35,17.00,0.66,0.65,6.01,1.03,"15,724.31","24,189.69",76.90,0.22,67.19,33.33,12.39,5.00,71.67,"3,564.37",47.92,27.29,82.22,57.06,335.58,225.22,643.33,435.71,475.00,350.00,319.44,9.00
Nigeria,1.39,16.62,4.85,0.83,1.39,2.21,0.34,0.23,1.77,0.90,1.99,1.61,5.45,3.64,3.56,2.62,1.43,1.48,1.57,1.42,0.96,0.80,0.44,5.54,0.83,1.48,0.83,0.42,55.40,1.66,0.55,4.16,0.40,"13,850.42","24,561.40",32.06,0.07,44.37,34.40,9.70,4.16,93.72,"2,507.99",19.27,25.75,45.48,57.54,641.45,362.98,"1,270.28",866.15,"1,231.15",430.90,207.76,19.71
Northern Mariana Islands,10.00,30.00,10.00,5.00,5.00,4.25,1.05,1.00,2.03,2.72,3.57,3.99,11.02,6.98,8.82,4.19,3.06,4.03,2.84,2.18,2.18,3.00,0.50,8.99,2.00,3.00,5.50,2.00,,3.00,1.86,,1.00,,,350.80,,68.33,185.00,,9.00,175.00,"5,400.00",22.99,15.99,97.50,150.00,530.00,200.00,"1,016.67",650.00,,,956.07,
Norway,19.58,97.89,12.24,9.79,9.42,4.72,3.57,2.90,2.05,2.90,3.05,4.39,12.01,13.96,27.46,3.07,2.71,2.74,3.78,2.26,2.39,2.56,2.33,15.91,3.77,4.27,13.46,4.28,89.32,11.01,1.69,55.06,1.83,"36,708.02","36,500.29",184.98,0.11,51.76,50.24,34.31,14.68,353.32,"4,304.46",106.76,47.66,115.82,154.43,"1,261.52",964.73,"2,072.60","1,625.61","6,975.85","4,803.71","3,434.40",2.59
Oman,5.19,25.97,6.49,7.79,7.79,4.41,0.47,0.26,1.59,1.11,1.97,2.48,6.79,5.48,8.65,2.22,1.60,1.83,1.29,1.02,0.95,1.70,0.54,11.69,3.12,3.09,3.12,0.78,38.96,2.60,0.52,7.32,0.52,"15,583.73","18,898.36",57.68,0.16,64.51,45.21,25.28,7.79,210.12,"6,930.18",43.12,40.83,83.02,66.01,587.31,422.62,"1,188.27",827.59,"2,337.56","1,194.75","1,357.29",5.25
Pakistan,1.73,8.65,4.76,2.16,3.03,1.59,0.31,0.24,0.80,0.49,1.02,0.93,4.80,2.78,3.75,1.28,0.79,0.85,0.54,0.32,0.37,0.33,0.46,4.33,2.15,4.20,1.28,0.17,7.52,0.87,0.26,1.73,0.70,"13,840.83","17,612.32",60.47,0.02,24.64,18.78,7.34,4.33,79.60,"1,915.63",20.34,31.98,48.26,36.30,146.20,92.31,333.95,207.31,855.37,563.01,263.40,11.50
Palestinian Territory,7.02,28.08,7.02,1.97,3.37,2.19,0.68,0.50,1.90,0.65,1.84,2.06,6.20,6.50,15.06,1.56,1.40,1.26,1.11,0.96,0.86,0.99,0.70,14.04,1.91,2.36,7.02,0.84,30.89,2.81,0.84,14.04,1.74,"33,696.84","34,248.42",78.52,0.15,35.26,50.06,11.86,8.42,369.73,"1,842.80",49.14,69.21,73.92,63.43,306.55,208.95,523.62,374.03,"1,034.97",683.48,822.88,7.76
Panama,7.00,40.00,6.00,1.50,3.00,2.55,1.15,1.00,1.40,1.87,1.37,1.98,7.30,6.10,7.36,3.34,1.04,2.89,2.71,1.42,1.65,1.41,1.37,8.50,0.79,2.18,5.00,0.35,30.00,1.50,1.75,10.00,0.75,"16,789.00","19,349.71",72.44,0.12,47.70,51.52,23.12,6.00,296.45,"8,412.06",45.83,36.29,69.20,71.65,833.33,503.46,"1,488.24",987.07,"2,136.02","1,391.53",719.44,5.19
Papua New Guinea,12.25,48.99,8.99,3.37,4.59,2.71,1.13,1.09,1.89,1.73,1.96,3.78,11.54,8.30,9.75,5.93,2.10,5.73,4.61,3.08,3.28,2.22,1.96,13.78,2.43,3.59,6.58,0.31,15.00,3.06,3.81,16.84,0.92,"36,746.13","31,489.39",164.59,0.21,321.53,62.69,17.53,10.72,143.54,"7,043.01",41.03,37.72,63.87,102.07,"1,574.83","1,127.90","6,032.49","2,143.52","14,551.88","8,913.39",547.36,12.70
Paraguay,3.95,18.45,4.83,0.97,1.76,1.64,0.89,0.58,0.90,0.46,0.66,1.20,6.66,3.89,5.71,1.72,0.72,0.67,1.60,1.04,0.72,0.33,0.55,6.59,0.91,1.88,1.76,0.54,23.89,0.88,2.11,8.78,1.01,"14,406.62","24,280.43",60.55,0.17,38.33,25.22,10.98,6.15,97.88,"2,740.85",63.25,42.56,69.22,51.61,253.95,202.04,568.80,467.34,896.02,677.52,344.16,14.50
Peru,3.06,20.00,4.59,1.84,2.75,2.36,0.73,0.46,1.29,1.57,1.09,1.70,6.69,3.98,6.84,1.33,1.02,1.00,1.05,0.73,0.83,0.70,0.85,7.65,1.60,2.69,3.37,0.46,25.90,1.84,1.53,6.12,1.08,"19,886.80","19,049.78",50.88,0.15,39.68,44.28,14.09,5.51,187.95,"5,773.73",45.55,33.36,78.86,74.43,412.43,298.78,827.82,545.60,"1,755.50","1,065.03",417.07,10.03
Philippines,2.85,13.29,2.85,0.95,1.71,1.95,0.50,0.31,1.46,0.98,0.86,1.44,6.36,3.13,5.05,2.21,1.06,1.93,1.03,1.46,1.31,1.13,0.64,5.70,0.83,1.53,1.23,0.16,9.50,0.76,0.27,2.28,0.85,"25,639.08","22,071.03",73.83,0.14,40.41,28.10,3.94,4.18,322.92,"6,599.95",37.05,22.50,70.03,52.34,235.21,137.97,487.91,266.15,"1,363.58",817.62,290.97,7.43
Poland,5.41,27.04,4.87,1.89,1.89,2.12,1.04,0.79,0.64,0.74,0.86,1.93,5.92,4.18,8.53,0.77,1.16,1.22,1.41,0.45,0.54,0.77,0.48,5.41,0.80,1.10,4.06,0.92,26.77,1.89,0.65,9.46,1.25,"18,926.85","19,940.54",168.57,0.07,13.80,28.62,12.79,6.76,285.14,"12,714.32",70.08,35.08,71.76,78.96,488.96,374.18,801.45,601.25,"2,048.86","1,456.84",895.67,3.77
Portugal,8.16,34.97,6.99,1.75,2.33,1.39,1.37,1.00,0.70,1.25,1.00,1.95,8.59,6.37,10.40,1.69,1.30,1.34,1.54,0.88,0.97,1.03,0.61,4.66,1.02,1.68,5.60,1.75,41.96,3.96,0.58,17.25,1.71,"29,141.27","28,277.28",106.87,0.18,34.08,40.31,14.16,7.58,429.49,"9,895.43",89.97,32.88,81.38,90.92,662.95,447.61,"1,134.55",762.68,"2,633.77","1,530.71",928.66,2.72
Puerto Rico,12.00,46.00,6.50,2.00,3.00,2.29,1.11,1.06,1.84,2.60,2.30,2.71,6.15,7.30,8.51,4.42,1.77,2.85,3.23,2.39,2.15,2.17,1.54,12.00,1.52,3.18,7.95,1.50,30.00,3.00,1.55,16.00,0.68,"26,000.00","22,576.67",185.46,0.19,53.40,33.36,20.38,7.50,344.39,"7,828.89",39.80,41.27,79.69,89.31,545.61,417.26,946.53,750.57,"1,703.86","1,182.49","1,856.92",4.48
Qatar,6.87,41.20,6.87,10.99,10.99,4.95,0.47,0.30,1.73,1.36,1.77,3.43,7.80,7.25,10.56,2.08,1.56,1.60,1.80,1.17,1.02,2.40,0.50,19.23,9.58,10.87,2.75,1.37,27.46,2.75,0.49,10.99,0.49,"20,598.74","17,694.57",75.87,0.17,80.04,117.16,33.26,10.30,597.85,"9,406.76",63.00,44.83,97.44,89.41,"1,712.82","1,184.16","3,402.34","2,328.01","4,314.29","2,566.74","3,586.51",4.63
Reunion,13.99,48.96,8.74,5.25,6.00,4.95,4.08,2.33,1.52,1.92,1.40,4.66,,14.51,24.48,2.91,2.04,2.68,2.39,2.33,1.75,1.46,,11.66,1.88,3.15,9.33,1.92,34.97,,,,1.59,,,92.22,,53.62,66.05,,10.49,699.39,,116.57,,104.91,174.85,738.25,681.91,"1,282.22","1,243.36","2,914.13","2,331.30","1,748.48",1.90
Romania,5.29,25.18,4.53,1.51,2.01,1.65,1.22,0.98,1.02,0.56,1.07,2.24,5.29,4.51,6.92,0.88,1.23,1.13,1.21,0.49,0.54,0.59,0.59,4.78,0.77,1.19,4.15,0.50,15.11,0.45,0.43,4.28,1.33,"18,038.60","19,729.43",105.08,0.14,8.80,33.28,12.20,6.29,325.91,"11,989.10",57.88,35.16,73.01,82.33,339.04,242.88,580.85,410.76,"1,524.33","1,082.91",661.12,3.44
Russia,8.04,32.15,4.82,1.19,2.25,1.98,0.77,0.49,0.90,0.51,1.01,1.11,7.22,4.02,7.20,1.32,1.00,1.27,1.92,0.49,0.44,0.89,0.59,6.43,0.93,1.81,1.93,0.51,28.94,1.59,0.19,4.82,0.64,"16,952.01","18,048.20",109.42,0.02,7.41,35.16,16.20,5.63,315.30,"6,968.36",76.05,42.04,82.75,101.59,477.39,335.60,844.84,562.61,"1,633.73","1,113.52",593.86,11.54
Rwanda,2.90,25.55,5.81,1.16,1.74,2.10,0.60,0.40,0.72,1.53,1.14,1.38,4.45,6.16,2.61,1.97,0.93,0.93,0.77,0.34,0.70,0.58,0.70,13.94,0.91,1.26,1.34,0.35,17.42,5.81,1.74,5.81,1.15,"11,614.40","17,421.60",41.81,0.07,90.59,34.84,4.26,5.73,131.63,958.19,26.57,28.07,40.65,46.46,290.36,159.70,788.12,458.77,"13,859.85","10,452.96",282.18,18.83
Saint Kitts And Nevis,9.25,74.00,8.70,1.85,2.96,4.44,1.48,1.55,3.70,3.57,2.22,1.98,3.89,3.56,5.55,,3.50,6.61,2.20,2.20,2.20,3.70,1.85,15.73,1.48,2.50,3.70,,,12.00,1.85,,4.10,,,190.53,0.37,60.25,74.00,,6.66,,,,60.00,,,"1,200.00","1,000.00",,"1,800.00",,,"1,221.07",
Saint Lucia,4.63,29.60,9.25,1.85,2.96,3.89,0.97,0.74,2.18,0.92,1.54,2.78,6.94,9.76,11.35,6.91,1.04,2.41,4.07,1.71,1.00,1.85,1.03,11.10,1.67,2.96,2.59,0.93,55.50,7.40,,23.13,1.23,"21,276.20",,119.00,0.22,60.54,35.77,,9.07,92.51,,50.57,37.00,101.39,111.93,364.01,277.52,715.37,530.36,,,"1,332.08",5.88
Samoa,4.47,31.09,6.22,1.28,1.94,3.89,0.87,0.58,1.57,0.58,1.38,2.72,3.11,,,1.85,0.97,2.14,3.50,0.97,1.36,1.94,1.30,10.49,1.55,2.33,3.50,0.97,,1.55,1.58,15.55,0.94,"27,981.45","27,981.45",400.78,,58.29,38.86,,,174.88,,,,136.02,,777.26,320.62,"1,525.38",,"2,160.23",,,
Saudi Arabia,5.33,21.32,5.86,1.07,1.33,2.74,0.55,0.24,1.20,0.59,1.79,1.89,5.82,4.83,10.25,1.86,1.44,1.46,1.47,1.01,0.95,1.09,0.54,5.06,1.08,1.01,6.40,0.80,46.20,2.67,1.33,8.00,0.31,"18,657.71","17,359.12",50.63,0.12,58.01,79.25,32.10,15.99,349.20,"5,899.62",43.18,48.78,81.56,71.92,373.85,285.42,690.41,515.69,"1,083.42",778.29,"1,718.22",3.74
Senegal,5.33,26.66,6.66,1.78,2.67,1.93,0.72,0.50,1.85,0.36,0.73,2.13,22.81,5.03,5.24,2.01,1.40,2.21,1.30,0.98,0.65,1.39,0.76,7.11,0.76,2.10,1.16,0.31,17.77,1.78,1.78,5.33,1.21,"15,993.21","18,362.57",109.29,0.24,58.64,42.65,8.89,8.89,111.06,"3,305.26",26.66,33.32,71.08,44.43,609.26,268.03,"1,717.79",658.98,"9,615.96","9,185.34",162.39,7.25
Serbia,4.93,19.72,4.93,1.48,1.78,1.25,1.22,0.76,0.89,0.43,1.20,1.42,4.84,4.97,6.60,0.81,1.27,1.14,0.98,0.48,0.46,0.42,0.47,3.94,0.62,0.94,2.86,0.88,29.59,1.48,0.64,5.83,1.46,"19,723.87","19,486.10",148.43,0.12,20.78,24.65,8.65,4.44,243.83,"8,543.80",64.27,31.48,79.08,89.65,270.94,174.65,488.61,309.22,"1,904.01","1,135.20",411.30,4.08
Seychelles,18.58,74.34,6.88,4.46,3.35,4.25,1.49,1.15,1.75,1.47,2.34,2.60,14.50,7.53,15.31,2.97,2.88,1.61,5.35,1.71,1.31,1.00,1.34,14.87,1.53,3.16,14.05,0.37,11.15,7.43,2.97,33.45,1.39,"26,017.47","31,220.96",33.45,0.28,84.87,52.03,5.95,5.58,234.47,"2,621.57",58.11,50.18,64.98,36.92,828.31,669.02,"1,746.89","1,471.85",854.86,"4,608.81",547.11,8.25
Singapore,11.18,44.73,5.93,7.45,7.45,3.84,1.28,0.97,2.35,1.74,2.10,2.08,24.49,6.64,19.22,3.41,2.06,3.09,2.01,2.04,1.76,1.75,1.45,21.62,4.00,4.45,9.84,1.34,74.54,2.61,0.41,13.42,1.66,"89,452.17","80,144.70",110.29,0.12,34.99,102.82,10.01,8.95,710.81,"20,089.47",71.29,39.23,93.30,96.94,"2,111.06","1,382.93","3,759.48","2,285.80","17,872.83","9,402.08","3,069.89",2.21
Sint Maarten,15.00,80.00,5.25,3.00,4.50,3.00,2.50,2.17,1.79,2.20,4.00,4.00,,,12.00,8.00,4.89,6.00,,,,3.00,1.75,12.00,1.00,1.50,3.00,1.50,,15.00,,,1.08,"25,000.00","21,333.33",126.67,0.28,100.00,77.50,13.50,,450.00,"12,600.00",50.00,,92.50,133.33,"1,066.67",900.00,"2,350.00","1,700.00","12,000.00","9,843.76","1,550.00",6.50
Slovakia,5.83,25.64,5.83,1.40,1.75,1.85,1.44,1.08,0.82,1.03,1.35,2.07,7.96,5.61,8.68,1.56,1.66,1.61,2.05,0.90,0.82,1.19,0.73,4.66,0.90,1.31,4.20,0.82,30.31,3.26,0.82,15.15,1.49,"17,484.76","18,441.43",210.68,0.10,18.37,29.75,9.98,7.58,411.97,"9,836.80",68.82,34.55,72.72,86.31,549.33,429.24,875.72,656.05,"1,997.20","1,502.16",898.34,1.95
Slovenia,8.16,34.97,5.83,2.80,3.50,1.59,2.26,1.52,0.99,1.20,1.78,2.31,10.32,7.58,10.12,1.43,1.43,1.65,2.00,0.77,1.08,1.22,0.68,5.83,1.22,1.74,4.66,1.40,43.13,1.17,1.04,16.20,1.49,"20,981.71","20,832.33",209.91,0.06,33.55,45.81,13.32,6.99,491.08,"11,559.37",86.60,36.53,89.10,108.99,459.33,358.44,782.50,614.34,"2,461.31","1,869.84","1,198.05",3.48
Solomon Islands,10.06,63.00,10.78,2.54,,3.68,,,2.54,1.77,,4.75,,20.28,,,,,,,1.90,1.90,1.27,16.48,1.90,,,0.38,,7.45,1.27,,1.31,,"12,676.50",,,887.36,126.77,,,,,,,,,755.45,540.46,"2,218.39","2,535.30",,,,
Somalia,2.50,15.00,5.00,3.00,5.00,0.93,0.68,0.52,1.27,0.76,0.93,2.13,5.42,4.54,3.83,4.20,1.62,2.75,1.54,0.98,1.11,0.72,0.62,70.00,1.00,1.50,1.00,0.50,20.00,3.00,3.00,10.00,0.82,"15,000.00","13,000.00",63.75,0.07,27.50,16.89,5.00,1.00,51.67,"1,150.00",19.33,19.17,25.00,26.86,80.00,53.12,234.00,163.33,"19,400.00","11,500.00",303.33,6.00
South Africa,9.60,35.99,4.40,2.00,2.56,1.93,0.98,0.77,1.08,1.00,1.57,2.04,7.44,5.26,6.99,1.65,1.37,1.63,1.44,1.31,1.19,1.09,1.18,4.80,1.42,2.17,3.20,1.20,39.99,1.20,0.80,4.00,1.10,"22,394.55","21,717.03",85.21,0.14,71.21,36.57,9.01,6.00,200.38,"4,298.74",57.54,36.38,90.54,88.41,479.26,398.58,965.15,798.26,"1,060.81",861.29,"1,295.54",10.59
South Korea,6.50,37.11,5.57,2.78,4.64,4.18,1.49,0.74,2.26,2.61,3.79,3.00,15.33,8.91,22.29,6.41,3.98,5.62,5.54,3.41,2.81,2.22,1.17,15.31,2.03,3.39,4.18,1.16,51.03,2.78,0.93,9.80,1.42,"29,691.49","25,730.04",155.05,0.13,25.17,60.41,14.85,9.28,467.16,"20,052.67",67.40,41.56,91.17,118.70,607.37,392.94,"1,605.97","1,001.81","9,220.15","5,494.48","2,408.43",3.60
Spain,11.66,40.80,8.16,2.33,2.91,1.79,1.96,1.31,0.90,1.09,1.11,1.91,10.28,6.66,11.79,1.84,1.69,1.43,1.67,1.14,1.18,1.05,0.66,5.83,0.89,1.42,5.83,1.63,52.45,3.67,1.22,23.31,1.41,"20,981.71","21,655.50",131.80,0.19,45.64,42.83,14.19,9.33,390.34,"7,890.09",80.95,31.19,81.59,96.19,706.54,527.26,"1,140.72",816.64,"3,198.17","1,949.23","1,523.04",2.34
Sri Lanka,1.58,9.49,4.75,2.21,3.04,2.20,0.53,0.31,1.15,0.43,0.59,1.26,8.91,3.94,4.84,2.33,0.97,1.86,1.05,0.97,0.91,0.89,0.61,11.39,1.80,2.76,6.33,0.13,6.33,0.32,0.28,0.76,0.77,"34,801.32","40,061.06",52.02,0.02,14.66,17.24,7.53,3.48,39.55,"2,686.32",31.00,21.18,48.68,32.82,247.32,129.71,621.33,297.86,"1,704.51","1,113.36",271.42,14.07
Sudan,2.78,8.33,2.78,0.44,1.50,1.17,0.30,0.17,1.04,0.57,1.29,1.57,4.65,4.18,5.45,3.26,0.56,1.65,1.44,1.26,0.43,0.53,0.35,2.78,0.30,0.65,1.81,0.11,24.99,1.67,0.35,4.44,0.31,"22,216.05","26,936.96",19.90,0.01,16.02,20.92,3.89,2.50,44.89,"1,846.71",15.24,18.65,26.66,36.80,252.46,152.43,472.09,277.70,854.21,566.51,206.29,13.75
Suriname,3.35,30.13,4.69,1.34,1.34,1.31,0.64,0.36,1.08,1.10,1.07,1.81,1.67,4.65,6.56,2.75,1.65,2.68,3.24,0.67,0.52,1.34,0.67,8.03,1.62,1.39,4.02,0.25,1.21,1.34,1.34,4.69,0.89,"4,686.66","4,017.14",61.60,0.12,32.58,15.40,7.36,3.68,89.27,"7,264.33",46.03,18.97,75.32,93.73,162.92,129.89,343.69,355.74,172.74,611.50,220.94,12.70
Swaziland,4.40,23.99,4.36,1.20,1.60,1.40,0.72,0.49,1.12,0.59,1.52,1.53,9.60,2.40,6.20,1.20,1.33,1.28,1.40,1.40,1.57,0.56,0.81,5.60,1.08,1.39,2.84,0.48,52.22,4.00,3.00,14.89,0.96,"19,060.53","22,083.49",59.68,0.14,426.31,40.06,10.70,3.28,191.95,"6,398.44",56.12,29.89,66.78,97.31,266.60,206.32,588.50,500.91,399.90,239.94,719.82,11.62
Sweden,11.40,68.43,8.55,6.84,6.79,3.91,2.10,1.87,1.20,2.33,2.73,3.02,9.52,10.34,15.83,2.64,2.41,2.55,3.09,1.09,1.19,1.96,1.48,9.12,1.85,1.89,6.84,3.42,90.67,5.59,1.71,58.74,1.61,"22,809.96","22,071.84",73.75,0.09,31.87,37.68,23.08,14.26,470.44,"9,978.07",97.08,40.19,99.78,135.46,878.16,602.67,"1,374.20","1,020.18","6,378.09","3,802.52","2,483.89",2.53
Switzerland,24.25,101.03,14.14,7.07,6.06,4.62,3.99,3.15,1.53,2.68,2.70,5.50,23.06,24.12,48.19,3.82,2.94,3.36,3.91,2.68,2.43,2.26,1.24,12.12,1.89,2.26,8.28,3.44,75.77,6.57,3.84,70.72,1.55,"25,258.01","25,414.95",180.64,0.36,59.34,89.57,36.30,18.19,"2,212.26","24,353.77",112.09,55.23,119.87,152.43,"1,453.95","1,162.58","2,670.44","2,209.24","11,668.44","8,401.16","4,734.69",1.47
Syria,4.00,15.00,3.80,1.60,2.91,1.11,0.58,0.31,0.57,0.30,1.04,1.27,3.18,3.73,7.90,0.70,1.38,0.45,0.47,0.45,0.43,0.35,0.36,5.00,1.15,1.70,2.96,0.10,14.00,0.39,0.69,3.00,0.56,"20,000.00","22,500.00",29.81,0.04,46.56,12.32,5.74,4.83,30.77,739.45,22.93,34.55,69.89,34.36,167.59,100.95,305.37,191.25,"1,462.10",587.32,75.76,7.07
Taiwan,3.34,23.37,4.01,1.67,2.00,2.39,0.88,0.64,2.90,1.66,3.32,2.05,19.78,7.24,17.19,4.24,2.11,2.33,3.36,2.56,2.09,1.45,1.19,15.02,1.51,2.02,3.34,0.67,42.73,2.50,0.83,7.51,0.91,"32,712.46","24,026.97",72.26,0.21,26.36,45.98,12.57,10.01,496.58,"16,218.78",76.39,39.81,85.70,113.89,435.51,265.53,959.16,678.89,"7,623.17","3,933.61","1,906.43",2.02
Tajikistan,2.78,11.13,3.00,1.22,1.11,1.39,0.45,0.26,0.72,0.33,0.95,1.10,4.34,2.95,3.84,0.74,1.58,0.91,0.45,0.36,0.28,0.45,0.40,8.34,0.70,1.15,1.06,0.22,2.78,1.11,0.33,1.67,0.64,"16,631.25","12,349.14",21.14,0.06,35.60,27.81,7.05,4.45,54.09,"1,870.31",20.86,11.68,29.67,25.03,221.18,180.23,511.77,327.09,699.41,693.48,124.40,24.00
Tanzania,3.51,26.29,6.57,1.10,1.75,1.81,0.48,0.30,1.08,0.54,1.08,2.17,8.05,5.18,4.32,2.90,0.88,1.00,0.95,0.77,0.88,0.58,0.61,8.76,1.09,1.51,1.50,0.18,26.29,2.19,1.31,3.94,0.93,"27,604.94","7,263.17",78.75,0.14,66.17,73.54,12.24,4.38,378.44,"15,554.67",34.47,34.35,50.54,55.27,309.80,232.38,"1,037.57",862.21,"1,647.59",993.19,328.94,18.30
Thailand,1.88,18.81,5.64,2.19,3.14,1.83,0.63,0.32,1.65,1.26,1.17,1.61,16.91,2.87,10.47,2.82,1.15,2.23,1.38,1.37,1.03,0.94,0.50,15.68,1.69,2.86,3.76,0.78,31.35,1.10,0.31,3.76,0.91,"26,647.86","26,137.17",72.51,0.05,22.21,55.99,9.24,6.27,363.22,"11,644.77",56.95,32.74,97.85,82.22,463.90,248.65,"1,234.09",624.84,"3,324.02","1,790.66",612.66,5.76
Timor-Leste,3.00,40.00,7.00,4.50,3.25,2.75,1.83,0.77,2.18,1.25,1.70,1.68,5.00,6.50,8.00,4.33,1.17,4.50,2.00,2.00,1.75,1.40,0.50,9.50,2.00,1.75,1.65,0.25,,2.00,2.00,,0.93,,,95.00,0.11,15.00,59.00,4.00,6.50,"1,666.67","14,666.67",40.00,30.00,106.67,,500.00,466.67,"2,666.67","1,400.00",,,250.00,
Togo,3.55,21.32,4.44,2.13,1.95,3.38,1.24,0.89,2.01,0.92,1.90,2.31,9.48,8.89,8.18,2.67,0.98,1.24,1.78,1.66,2.36,0.53,0.74,8.89,0.76,1.69,1.22,0.49,,0.31,0.14,6.66,1.29,,"40,871.53",85.89,0.14,284.32,38.50,13.33,4.44,62.20,"7,194.44",2.67,44.43,29.32,22.21,174.74,177.70,521.26,92.62,444.26,35.54,266.55,
Tonga,4.39,35.09,6.58,2.85,3.51,2.81,1.25,0.82,1.47,0.62,1.83,3.25,11.18,4.23,7.81,2.19,2.37,2.25,1.67,1.95,1.43,1.37,0.95,8.77,2.24,3.51,5.48,0.44,28.60,1.75,1.21,2.19,1.18,"6,578.95","6,228.07",75.19,0.09,83.22,21.93,5.48,0.44,32.16,"1,631.58",33.99,17.54,74.56,87.72,429.82,324.56,570.18,416.67,"1,043.44",802.83,432.63,15.67
Trinidad And Tobago,6.67,51.91,5.93,1.48,2.22,2.49,0.90,0.73,1.74,1.85,1.97,3.29,6.15,5.66,6.42,3.43,2.06,2.09,3.54,0.95,1.11,1.31,1.13,14.83,1.57,2.31,4.45,0.89,29.34,0.74,0.74,0.89,0.58,"33,372.14","29,656.32",60.46,0.16,35.79,47.44,7.64,7.42,219.56,"3,114.73",60.26,39.50,89.76,80.59,503.39,382.67,983.31,721.33,"1,846.70","1,891.74",852.84,6.51
Tunisia,1.96,13.71,3.13,1.18,1.18,0.70,0.44,0.21,0.45,0.12,0.63,0.78,6.36,3.07,7.51,1.27,1.32,0.62,0.51,0.43,0.43,0.30,0.25,3.92,0.72,0.81,2.35,0.20,11.16,0.18,0.29,5.09,0.68,"19,978.11","19,795.21",37.30,0.07,17.52,20.41,6.67,3.13,67.77,"1,958.95",41.57,40.17,68.67,51.38,172.54,121.69,300.58,224.23,863.93,561.50,262.76,6.58
Turkey,4.25,14.87,3.40,2.55,2.97,1.74,0.65,0.22,0.63,0.38,1.29,1.47,4.43,3.00,10.79,0.76,1.52,0.65,0.73,0.43,0.38,0.49,0.33,6.37,1.61,2.05,2.76,0.55,39.29,0.85,0.61,4.46,1.16,"21,240.00","19,552.08",63.54,0.13,15.58,26.49,11.92,3.82,285.36,"6,422.68",34.48,22.75,54.62,45.92,267.36,162.20,476.32,290.01,"1,153.68",592.50,485.99,13.36
Turkmenistan,11.05,20.00,6.00,2.21,3.42,2.24,1.21,0.72,0.93,0.37,0.93,1.80,4.96,5.70,5.82,1.43,1.25,1.25,0.75,0.75,0.66,0.68,0.54,12.55,2.00,2.81,14.25,0.09,5.71,1.00,0.53,6.51,0.23,"16,000.00","12,000.00",3.50,0.28,271.43,39.68,5.35,5.50,100.00,"29,708.00",100.00,85.00,192.86,92.86,375.82,250.00,566.67,500.00,"2,000.00","1,000.00",275.00,
Turks And Caicos Islands,24.00,70.00,12.00,4.75,5.35,4.50,2.00,1.50,1.59,5.74,3.20,2.75,36.02,9.06,14.02,4.00,1.98,6.00,7.00,5.00,5.00,3.00,2.31,20.00,2.30,3.50,5.25,5.00,,5.00,,80.00,1.55,"27,000.00",,256.25,0.30,95.00,135.00,68.00,,900.00,"7,000.00",80.00,70.00,160.00,120.00,950.00,"1,200.00","2,750.00","2,150.00","5,145.48","3,200.00","1,900.00",6.00
Uganda,2.94,14.72,6.69,1.07,1.61,1.96,0.40,0.29,0.58,0.89,1.13,1.26,3.91,4.65,2.88,2.26,0.95,1.34,0.82,0.58,0.74,0.78,0.51,6.69,0.96,1.42,1.74,0.54,30.60,2.68,0.54,3.34,1.00,"8,027.29","11,327.40",40.14,0.07,78.46,40.81,5.62,5.35,109.71,"3,344.71",19.06,18.95,37.09,44.60,209.20,138.65,533.07,293.85,"3,043.18",,209.04,21.40
Ukraine,3.83,15.32,3.06,0.77,1.20,0.88,0.44,0.32,0.74,0.36,0.93,1.05,5.42,3.03,4.30,0.73,1.14,1.17,1.19,0.30,0.29,0.73,0.40,3.06,0.56,1.08,1.15,0.19,7.66,1.34,0.21,2.30,1.07,"21,059.48","20,223.04",92.41,0.03,4.29,15.19,7.66,3.06,161.68,"4,733.69",57.48,40.35,87.45,96.16,320.41,198.02,576.12,352.69,"1,067.62",604.86,270.77,20.75
United Arab Emirates,8.17,40.84,6.81,10.89,10.89,4.55,0.65,0.36,1.51,1.21,2.06,2.62,8.46,6.44,10.30,2.10,1.68,1.82,1.64,1.05,0.85,1.69,0.57,19.06,6.47,6.04,5.45,1.36,59.54,2.72,0.54,8.17,0.57,"21,780.48","17,851.66",162.46,0.14,102.18,89.61,27.57,10.35,609.22,"10,582.90",63.07,51.02,86.90,87.70,"1,618.96","1,122.86","3,198.23","2,288.75","3,774.14","2,565.41","3,117.72",4.28
United Kingdom,15.97,59.89,6.65,4.66,4.66,3.40,1.57,1.17,1.18,1.27,1.71,2.48,7.18,7.76,10.22,2.41,1.33,2.17,2.36,1.53,1.24,0.96,1.32,9.32,2.19,2.41,12.51,3.19,79.85,3.99,2.13,26.62,1.57,"23,954.49","24,053.56",188.67,0.09,36.67,41.11,12.49,13.31,"1,121.42","17,137.57",75.40,38.76,79.60,81.89,995.18,794.24,"1,580.18","1,231.50","4,893.80","3,539.92","2,392.45",3.25
United States,13.00,50.00,7.00,4.00,5.00,3.95,1.76,1.41,0.84,2.56,3.93,2.40,10.68,8.55,11.46,4.32,1.48,3.89,3.93,2.42,2.48,1.52,1.77,12.00,2.29,3.25,7.00,2.25,69.00,3.00,1.62,27.25,0.66,"21,500.00","20,239.87",147.90,0.10,59.81,36.17,15.09,11.50,848.71,"17,918.21",41.72,34.33,73.68,92.67,"1,207.21",952.66,"1,944.78","1,516.87","2,324.52","1,682.94","2,715.61",4.24
Uruguay,12.79,43.98,8.87,2.56,2.72,2.92,1.26,0.94,0.83,1.87,1.32,2.43,9.66,8.05,8.66,1.91,2.05,1.14,2.04,1.46,1.42,1.05,1.26,6.40,1.91,2.44,4.16,1.06,43.62,1.24,0.69,10.17,1.52,"28,303.95","28,976.31",115.09,0.23,34.54,50.44,18.44,9.27,269.54,"6,760.48",86.78,52.01,108.68,116.36,519.69,404.03,916.81,772.41,"2,442.80","2,019.04",736.11,8.71
Us Virgin Islands,15.00,60.00,8.00,4.00,5.00,4.43,1.96,1.70,1.99,4.79,3.12,3.80,10.88,11.67,15.14,5.63,2.44,4.41,4.76,3.77,3.03,1.71,2.14,11.00,2.80,3.80,5.00,2.00,30.00,8.50,2.33,,0.83,,"30,000.00",271.59,0.10,83.49,71.67,,10.00,,"10,000.00",40.00,43.33,72.50,87.62,"1,193.75","1,075.00","2,268.18","2,509.38","6,612.86","2,401.28","2,350.00",4.49
Uzbekistan,4.64,15.00,2.50,1.00,2.00,1.30,0.71,0.26,0.66,0.18,0.67,1.08,4.08,3.06,5.45,0.91,2.19,2.60,0.69,0.41,0.30,0.28,0.25,3.60,0.61,1.90,2.00,0.18,13.00,1.00,0.19,2.50,0.51,"12,000.00","15,666.67",74.66,0.03,53.33,26.51,6.33,4.00,641.67,"10,166.67",71.38,65.00,122.00,150.00,303.00,166.11,687.50,336.25,991.25,564.29,174.25,16.80
Vanuatu,9.06,65.15,8.84,4.75,5.82,3.26,2.56,2.09,1.95,2.84,1.81,4.23,18.15,18.61,8.28,6.51,7.45,7.45,11.17,2.54,2.54,1.30,0.98,13.96,2.26,2.65,8.52,1.18,,,,,1.56,,,198.93,0.47,102.37,,,7.45,,"4,653.33",,,,,837.60,698.00,"1,721.73","1,209.87",,,943.80,
Venezuela,3.00,27.00,3.00,0.70,2.00,0.74,0.68,0.31,1.01,0.93,1.42,1.49,2.97,3.21,3.70,3.63,1.11,0.91,1.14,1.14,1.45,0.73,0.76,8.00,0.80,2.39,1.55,0.09,3.29,1.00,1.00,4.00,0.00,"23,500.00","34,333.33",12.32,0.11,4.39,7.11,4.56,1.50,17.71,"5,099.67",48.80,49.33,93.80,81.32,208.41,199.09,357.94,287.50,"1,077.59","1,025.47",33.37,20.90
Vietnam,1.76,17.57,4.17,0.88,1.54,1.71,0.50,0.30,1.47,0.66,0.76,1.31,10.75,3.50,10.61,2.56,0.96,1.75,0.76,1.02,0.80,0.42,0.49,10.98,0.62,1.38,1.10,0.31,6.59,0.48,0.53,1.32,0.84,"46,417.79","36,208.19",45.96,0.07,10.33,22.41,7.81,3.51,158.70,"10,106.33",33.30,28.60,82.24,73.24,401.58,252.31,836.33,526.46,"2,290.18",931.86,394.44,8.65
Yemen,3.99,10.98,4.79,5.01,1.40,1.96,0.59,0.36,1.20,1.04,1.72,1.66,3.70,5.75,9.91,2.56,1.10,1.70,1.08,1.17,1.04,0.40,0.61,47.93,1.40,1.40,2.60,0.40,22.37,1.30,1.20,3.99,1.08,"12,781.77","20,432.54",48.45,0.07,39.48,42.61,7.32,10.01,113.57,"2,080.71",15.99,17.00,71.90,24.98,116.54,91.33,256.88,183.16,836.94,414.69,183.20,12.50
Zambia,4.83,27.03,3.86,1.16,1.45,1.99,0.68,0.43,1.22,0.85,2.01,1.31,9.07,4.39,5.98,1.76,0.85,2.80,0.83,0.63,1.05,0.99,0.71,7.24,0.76,1.25,1.93,0.48,28.96,2.17,1.79,4.83,1.18,"22,200.77","18,339.77",47.06,0.19,91.17,36.68,6.76,3.62,258.98,"4,900.26",44.56,26.64,55.06,68.90,387.56,270.27,931.01,600.39,,,739.62,22.66
Zimbabwe,5.00,40.00,5.00,1.25,2.00,2.58,0.78,0.66,1.42,0.95,1.30,2.02,11.49,5.25,8.40,2.18,1.35,1.56,1.63,1.47,1.65,1.09,1.33,6.50,1.14,1.53,2.00,0.50,30.00,3.00,1.00,5.00,1.36,"25,000.00","30,625.00",110.36,0.18,88.15,50.00,9.38,6.00,285.71,"7,550.00",27.74,25.28,58.33,67.78,313.00,249.41,629.41,527.78,"1,600.00","1,600.00",375.00,16.58
